{
  "[True, True, True, True, True]": {
    "average return": -0.11097339000722464,
    "median return": -0.18725595460993763,
    "number": 185,
    "percengage of green candles": 37.83783783783784
  },
  "[False, False, False, False, False]": {
    "average return": 0.12539120312663435,
    "median return": 0.14202432282422356,
    "number": 167,
    "percengage of green candles": 59.88023952095808
  },
  "[True, False, False, False, False]": {
    "average return": -0.025032943550849666,
    "median return": 0.11665090323955535,
    "number": 230,
    "percengage of green candles": 56.52173913043478
  },
  "[False, True, False, False, False]": {
    "average return": 0.05865482806077212,
    "median return": 0.11726053928793398,
    "number": 246,
    "percengage of green candles": 58.13008130081301
  },
  "[False, False, True, False, False]": {
    "average return": -0.05901991975968157,
    "median return": 0.018202175236220315,
    "number": 240,
    "percengage of green candles": 50.83333333333333
  },
  "[False, False, False, True, False]": {
    "average return": 0.031217496620722523,
    "median return": 0.0751823293047775,
    "number": 234,
    "percengage of green candles": 55.98290598290598
  },
  "[False, False, False, False, True]": {
    "average return": 0.011430398243792134,
    "median return": 0.09957068101079838,
    "number": 230,
    "percengage of green candles": 56.95652173913044
  },
  "[True, True, False, False, False]": {
    "average return": 0.06561528468689665,
    "median return": 0.09257205098833891,
    "number": 292,
    "percengage of green candles": 56.5068493150685
  },
  "[True, False, True, False, False]": {
    "average return": 0.10522076315244762,
    "median return": 0.14239005440698213,
    "number": 299,
    "percengage of green candles": 57.19063545150501
  },
  "[True, False, False, True, False]": {
    "average return": 0.0034013691559516305,
    "median return": 0.04480484912317356,
    "number": 287,
    "percengage of green candles": 52.264808362369344
  },
  "[True, False, False, False, True]": {
    "average return": 0.08208642890669975,
    "median return": 0.11665336828680761,
    "number": 308,
    "percengage of green candles": 56.16883116883117
  },
  "[False, True, True, False, False]": {
    "average return": 0.004651279758950804,
    "median return": 0.028237315073770346,
    "number": 321,
    "percengage of green candles": 51.71339563862928
  },
  "[False, True, False, True, False]": {
    "average return": -0.08645470495441823,
    "median return": 0.013573978400168732,
    "number": 259,
    "percengage of green candles": 50.965250965250966
  },
  "[False, True, False, False, True]": {
    "average return": 0.04693636591175954,
    "median return": 0.07993014782385233,
    "number": 293,
    "percengage of green candles": 54.94880546075085
  },
  "[False, False, True, True, False]": {
    "average return": 0.033047311225704375,
    "median return": -0.02220624184774269,
    "number": 326,
    "percengage of green candles": 49.079754601226995
  },
  "[False, False, True, False, True]": {
    "average return": 0.009913813663469431,
    "median return": 0.004417770130243208,
    "number": 280,
    "percengage of green candles": 50.71428571428571
  },
  "[False, False, False, True, True]": {
    "average return": -0.03287156923053055,
    "median return": -0.051944891679160964,
    "number": 304,
    "percengage of green candles": 45.06578947368421
  },
  "[True, True, True, False, False]": {
    "average return": 0.001458368640750297,
    "median return": 0.03810458463612031,
    "number": 285,
    "percengage of green candles": 51.92982456140351
  },
  "[True, True, False, True, False]": {
    "average return": -0.08910662709236694,
    "median return": -0.10520771964087439,
    "number": 292,
    "percengage of green candles": 41.0958904109589
  },
  "[True, True, False, False, True]": {
    "average return": -0.002630469355600573,
    "median return": 0.013283376929742196,
    "number": 314,
    "percengage of green candles": 50.63694267515923
  },
  "[True, False, True, True, False]": {
    "average return": -0.054714598023285946,
    "median return": -0.03946365220379622,
    "number": 284,
    "percengage of green candles": 45.42253521126761
  },
  "[True, False, True, False, True]": {
    "average return": -0.02567579544824097,
    "median return": 0.021700275430743578,
    "number": 252,
    "percengage of green candles": 51.98412698412699
  },
  "[True, False, False, True, True]": {
    "average return": 0.10304594382777015,
    "median return": 0.000840988711175772,
    "number": 320,
    "percengage of green candles": 50.31250000000001
  },
  "[False, True, True, True, False]": {
    "average return": 0.01699861230879587,
    "median return": -0.013833409252825212,
    "number": 305,
    "percengage of green candles": 48.52459016393443
  },
  "[False, True, True, False, True]": {
    "average return": -0.01143462802575331,
    "median return": -0.016048353353691928,
    "number": 289,
    "percengage of green candles": 48.78892733564014
  },
  "[False, True, False, True, True]": {
    "average return": 0.03761323473579726,
    "median return": 0.023408381106562147,
    "number": 273,
    "percengage of green candles": 51.28205128205128
  },
  "[False, False, True, True, True]": {
    "average return": 0.08490116875539011,
    "median return": -0.039641169058018025,
    "number": 298,
    "percengage of green candles": 47.651006711409394
  },
  "[True, True, True, True, False]": {
    "average return": 0.023816159587929285,
    "median return": -0.020007928432090413,
    "number": 252,
    "percengage of green candles": 49.2063492063492
  },
  "[True, True, True, False, True]": {
    "average return": 0.022301122431523605,
    "median return": -0.03527784495135784,
    "number": 272,
    "percengage of green candles": 47.42647058823529
  },
  "[True, True, False, True, True]": {
    "average return": -0.05128633500700761,
    "median return": -0.08780852186568408,
    "number": 270,
    "percengage of green candles": 44.074074074074076
  },
  "[True, False, True, True, True]": {
    "average return": -0.029179345715558264,
    "median return": -0.07904601860107052,
    "number": 259,
    "percengage of green candles": 42.471042471042466
  },
  "[False, True, True, True, True]": {
    "average return": -0.024195890648002785,
    "median return": -0.08382172058122042,
    "number": 252,
    "percengage of green candles": 45.63492063492063
  }
}
