{"[True, True, True, True, True]": {"average return": -0.015285827000462491, "median return": -0.04243114147068713, "number": 2219, "percengage of green candles": 41.46011716989635}, "[False, False, False, False, False]": {"average return": 0.028997953253718272, "median return": 0.04401507799887658, "number": 2438, "percengage of green candles": 58.03937653814602}, "[True, False, False, False, False]": {"average return": 0.013467210672208345, "median return": 0.028077236253342436, "number": 3144, "percengage of green candles": 54.99363867684478}, "[False, True, False, False, False]": {"average return": 0.011264909663255792, "median return": 0.016315349161256744, "number": 3218, "percengage of green candles": 53.44934742075823}, "[False, False, True, False, False]": {"average return": 0.02294279629206185, "median return": 0.024733358354628473, "number": 3243, "percengage of green candles": 55.349984582176994}, "[False, False, False, True, False]": {"average return": 0.007551873827892001, "median return": 0.014131626265784479, "number": 3250, "percengage of green candles": 53.138461538461534}, "[False, False, False, False, True]": {"average return": -0.0014491924155147625, "median return": 0.004735923273655129, "number": 3144, "percengage of green candles": 50.667938931297705}, "[True, True, False, False, False]": {"average return": -0.006145755187737285, "median return": 0.004239887257864174, "number": 3340, "percengage of green candles": 50.7185628742515}, "[True, False, True, False, False]": {"average return": -0.004345393595578878, "median return": 0.001979060208807961, "number": 3571, "percengage of green candles": 50.43405208625035}, "[True, False, False, True, False]": {"average return": 0.0007403289573872978, "median return": 0.004127018652356149, "number": 3503, "percengage of green candles": 50.89922923208678}, "[True, False, False, False, True]": {"average return": -0.006870489224313016, "median return": 0.0006762331063242198, "number": 3414, "percengage of green candles": 50.23432923257176}, "[False, True, True, False, False]": {"average return": -0.00121197835858265, "median return": 0.0012471897399711036, "number": 3388, "percengage of green candles": 50.11806375442739}, "[False, True, False, True, False]": {"average return": 0.009007137234348971, "median return": 0.010692230689230708, "number": 3452, "percengage of green candles": 51.96987253765932}, "[False, True, False, False, True]": {"average return": 0.013305986332487845, "median return": 0.015423872956344818, "number": 3596, "percengage of green candles": 52.947719688542826}, "[False, False, True, True, False]": {"average return": 0.017128490511718296, "median return": 0.015498285120843593, "number": 3403, "percengage of green candles": 53.188363208933296}, "[False, False, True, False, True]": {"average return": 0.010058511713312419, "median return": 0.004577981344166715, "number": 3510, "percengage of green candles": 51.396011396011396}, "[False, False, False, True, True]": {"average return": -4.339804139720846e-05, "median return": -2.3671638590978732e-05, "number": 3308, "percengage of green candles": 50.0}, "[True, True, True, False, False]": {"average return": -0.005151594298710085, "median return": -0.004462974051522756, "number": 3233, "percengage of green candles": 48.96381070213424}, "[True, True, False, True, False]": {"average return": -0.015726128053601567, "median return": -0.017364426295037975, "number": 3557, "percengage of green candles": 46.21872364351982}, "[True, True, False, False, True]": {"average return": -0.021874898877342386, "median return": -0.021871954220243656, "number": 3281, "percengage of green candles": 44.80341359341664}, "[True, False, True, True, False]": {"average return": 1.825934186008383e-05, "median return": -0.0008578993731514808, "number": 3577, "percengage of green candles": 49.81828347777467}, "[True, False, True, False, True]": {"average return": 0.006888544500587444, "median return": -0.0038528457405330317, "number": 3438, "percengage of green candles": 49.18557300756254}, "[True, False, False, True, True]": {"average return": -0.0013641225164436293, "median return": -0.007166924846609661, "number": 3375, "percengage of green candles": 48.17777777777778}, "[False, True, True, True, False]": {"average return": 0.009738392683197287, "median return": 0.0018812755403079643, "number": 3423, "percengage of green candles": 50.36517674554485}, "[False, True, True, False, True]": {"average return": 1.3663579976196175e-05, "median return": -0.002244232887343064, "number": 3592, "percengage of green candles": 49.55456570155902}, "[False, True, False, True, True]": {"average return": -0.000643985053292003, "median return": -0.007541106954230781, "number": 3495, "percengage of green candles": 48.354792560801144}, "[False, False, True, True, True]": {"average return": 0.001784171716415437, "median return": -0.014754859880308231, "number": 3280, "percengage of green candles": 47.103658536585364}, "[True, True, True, True, False]": {"average return": 0.00032084775046638513, "median return": -0.009133512475490954, "number": 2936, "percengage of green candles": 47.752043596730246}, "[True, True, True, False, True]": {"average return": -0.015324290591114651, "median return": -0.027614454601776313, "number": 3126, "percengage of green candles": 44.17786308381318}, "[True, True, False, True, True]": {"average return": -0.016113016060937405, "median return": -0.030065785734152813, "number": 3161, "percengage of green candles": 43.94179057260361}, "[True, False, True, True, True]": {"average return": -0.008190809654693397, "median return": -0.021729482149510843, "number": 3079, "percengage of green candles": 45.17700552127314}, "[False, True, True, True, True]": {"average return": -0.005694808178998867, "median return": -0.028330652291793754, "number": 2936, "percengage of green candles": 44.24386920980927}}