{"[True, True, True, True, True]": {"average return": 1.4307898225530518, "median return": 0.6460769592723918, "number": 4, "percengage of green candles": 75.0}, "[False, False, False, False, False]": {"average return": -3.075793401119117, "median return": -1.5515046072384302, "number": 7, "percengage of green candles": 42.857142857142854}, "[True, False, False, False, False]": {"average return": -1.5953139063027195, "median return": -0.8488384884723433, "number": 7, "percengage of green candles": 42.857142857142854}, "[False, True, False, False, False]": {"average return": -2.136618626277716, "median return": -3.7697305908496856, "number": 3, "percengage of green candles": 33.33333333333333}, "[False, False, True, False, False]": {"average return": -1.0670261219309827, "median return": 1.4206234257622803, "number": 4, "percengage of green candles": 75.0}, "[False, False, False, True, False]": {"average return": -1.1596757788056444, "median return": -0.6906935499293496, "number": 4, "percengage of green candles": 25.0}, "[False, False, False, False, True]": {"average return": -1.1740315131109436, "median return": 0.7953898919908458, "number": 6, "percengage of green candles": 66.66666666666666}, "[True, True, False, False, False]": {"average return": -0.7209202663733935, "median return": -0.5314163743188587, "number": 6, "percengage of green candles": 33.33333333333333}, "[True, False, True, False, False]": {"average return": 0.18679734143194504, "median return": -0.06293222729097003, "number": 4, "percengage of green candles": 50.0}, "[True, False, False, True, False]": {"average return": 1.6090010027750323, "median return": 1.301783698627776, "number": 5, "percengage of green candles": 80.0}, "[True, False, False, False, True]": {"average return": -1.7326980486392312, "median return": -2.480229311307165, "number": 3, "percengage of green candles": 33.33333333333333}, "[False, True, True, False, False]": {"average return": 1.133147899407306, "median return": 0.35659760061401713, "number": 9, "percengage of green candles": 66.66666666666666}, "[False, True, False, True, False]": {"average return": 2.3019371335749628, "median return": 2.0519630899833854, "number": 7, "percengage of green candles": 85.71428571428571}, "[False, True, False, False, True]": {"average return": 2.566063538274702, "median return": 2.6770838142031463, "number": 5, "percengage of green candles": 80.0}, "[False, False, True, True, False]": {"average return": -0.37162806109504876, "median return": -0.11522854428449714, "number": 8, "percengage of green candles": 50.0}, "[False, False, True, False, True]": {"average return": -1.3999561374676668, "median return": -0.9856982504007319, "number": 5, "percengage of green candles": 40.0}, "[False, False, False, True, True]": {"average return": 0.234522863808375, "median return": -0.10063390041520658, "number": 5, "percengage of green candles": 40.0}, "[True, True, True, False, False]": {"average return": -0.30170561402615664, "median return": -0.34090618727428346, "number": 4, "percengage of green candles": 25.0}, "[True, True, False, True, False]": {"average return": 0.35468296677180683, "median return": -1.15357249000919, "number": 5, "percengage of green candles": 40.0}, "[True, True, False, False, True]": {"average return": -0.5370486307924047, "median return": -1.0208607864272938, "number": 7, "percengage of green candles": 42.857142857142854}, "[True, False, True, True, False]": {"average return": -0.8110642155585557, "median return": -0.6297787485904152, "number": 9, "percengage of green candles": 44.44444444444444}, "[True, False, True, False, True]": {"average return": -0.3725637875236125, "median return": 0.09211806034524495, "number": 8, "percengage of green candles": 50.0}, "[True, False, False, True, True]": {"average return": -0.8291829432824185, "median return": -1.189116908142945, "number": 7, "percengage of green candles": 28.57142857142857}, "[False, True, True, True, False]": {"average return": 0.010437407199289562, "median return": 0.9586700877327412, "number": 5, "percengage of green candles": 60.0}, "[False, True, True, False, True]": {"average return": 1.2811562206957376, "median return": 0.6735179126312444, "number": 8, "percengage of green candles": 62.5}, "[False, True, False, True, True]": {"average return": -0.44484198251042145, "median return": -1.2431525787759012, "number": 6, "percengage of green candles": 33.33333333333333}, "[False, False, True, True, True]": {"average return": -1.0262968152203829, "median return": -0.09628648647159821, "number": 4, "percengage of green candles": 50.0}, "[True, True, True, True, False]": {"average return": -1.2394327399907057, "median return": -2.578914019492616, "number": 3, "percengage of green candles": 33.33333333333333}, "[True, True, True, False, True]": {"average return": -1.5156369543240846, "median return": -0.9394383748995876, "number": 4, "percengage of green candles": 50.0}, "[True, True, False, True, True]": {"average return": -1.345149057397736, "median return": -0.4549008099259847, "number": 7, "percengage of green candles": 28.57142857142857}, "[True, False, True, True, True]": {"average return": -0.7240948435225397, "median return": -0.7683290527718158, "number": 4, "percengage of green candles": 25.0}, "[False, True, True, True, True]": {"average return": -2.6013499927185424, "median return": -1.9770485057144287, "number": 3, "percengage of green candles": 33.33333333333333}}