{
    "[True, True, True, True, True]": {
        "average return": 4.688543083789213,
        "median return": -0.0812625993586609,
        "number": 7,
        "percengage of green candles": 42.857142857142854
    },
    "[False, False, False, False, False]": {
        "average return": -4.265180316763482,
        "median return": -0.1996756864649043,
        "number": 3,
        "percengage of green candles": 33.33333333333333
    },
    "[True, False, False, False, False]": {
        "average return": 2.2393440573307966,
        "median return": 1.9921161244027132,
        "number": 3,
        "percengage of green candles": 66.66666666666666
    },
    "[False, True, False, False, False]": {
        "average return": 6.798036763052045,
        "median return": 6.798036763052045,
        "number": 2,
        "percengage of green candles": 50.0
    },
    "[False, False, True, False, False]": {
        "average return": -10.37033422249391,
        "median return": -10.37033422249391,
        "number": 2,
        "percengage of green candles": 0.0
    },
    "[False, False, False, True, False]": {
        "average return": -5.1693383208485235,
        "median return": -5.1693383208485235,
        "number": 1,
        "percengage of green candles": 0.0
    },
    "[False, False, False, False, True]": {
        "average return": 1.4400818671890676,
        "median return": 1.4765925925925938,
        "number": 3,
        "percengage of green candles": 100.0
    },
    "[True, True, False, False, False]": {
        "average return": -1.3764233573589704,
        "median return": 0.08433439841461755,
        "number": 5,
        "percengage of green candles": 60.0
    },
    "[True, False, True, False, False]": {
        "average return": 2.857348720961373,
        "median return": 3.099945583167053,
        "number": 3,
        "percengage of green candles": 100.0
    },
    "[True, False, False, True, False]": {
        "average return": 2.5705287667179757,
        "median return": 2.5705287667179757,
        "number": 2,
        "percengage of green candles": 50.0
    },
    "[True, False, False, False, True]": {
        "average return": 2.13714848145165,
        "median return": 2.2473387249742602,
        "number": 4,
        "percengage of green candles": 75.0
    },
    "[False, True, True, False, False]": {
        "average return": 1.9966119455061273,
        "median return": 1.9003963733769804,
        "number": 3,
        "percengage of green candles": 66.66666666666666
    },
    "[False, True, False, True, False]": {
        "average return": -0.10265662912959535,
        "median return": -0.10265662912959535,
        "number": 1,
        "percengage of green candles": 0.0
    },
    "[False, True, False, False, True]": {
        "average return": 2.5267043337058035,
        "median return": 1.8319306930693124,
        "number": 3,
        "percengage of green candles": 66.66666666666666
    },
    "[False, False, True, True, False]": {
        "average return": -0.9364477379892026,
        "median return": -1.3945013344145591,
        "number": 4,
        "percengage of green candles": 25.0
    },
    "[False, False, True, False, True]": {
        "average return": 4.502243540151626,
        "median return": 4.502243540151626,
        "number": 1,
        "percengage of green candles": 100.0
    },
    "[False, False, False, True, True]": {
        "average return": 3.5851538022571545,
        "median return": 0.8182492580399789,
        "number": 6,
        "percengage of green candles": 66.66666666666666
    },
    "[True, True, True, False, False]": {
        "average return": -3.1080017361440953,
        "median return": -3.0158659343807424,
        "number": 7,
        "percengage of green candles": 42.857142857142854
    },
    "[True, True, False, True, False]": {
        "average return": 3.2176532108767417,
        "median return": 1.7791142015911654,
        "number": 5,
        "percengage of green candles": 80.0
    },
    "[True, True, False, False, True]": {
        "average return": 1.5933596437351671,
        "median return": 3.2956152758132955,
        "number": 5,
        "percengage of green candles": 60.0
    },
    "[True, False, True, True, False]": {
        "average return": 1.8697120181197566,
        "median return": 1.8697120181197566,
        "number": 2,
        "percengage of green candles": 100.0
    },
    "[True, False, True, False, True]": {
        "average return": 4.411088429344991,
        "median return": 5.585717853538931,
        "number": 4,
        "percengage of green candles": 75.0
    },
    "[True, False, False, True, True]": {
        "average return": 1.7654777323104198,
        "median return": 0.18707222817158098,
        "number": 5,
        "percengage of green candles": 60.0
    },
    "[False, True, True, True, False]": {
        "average return": -1.1816673268661895,
        "median return": -0.2901214822384635,
        "number": 6,
        "percengage of green candles": 33.33333333333333
    },
    "[False, True, True, False, True]": {
        "average return": -2.3525183371272376,
        "median return": -1.1621690427698597,
        "number": 3,
        "percengage of green candles": 33.33333333333333
    },
    "[False, True, False, True, True]": {
        "average return": 2.5518159930315027,
        "median return": 2.7467371518274235,
        "number": 4,
        "percengage of green candles": 75.0
    },
    "[False, False, True, True, True]": {
        "average return": 2.5963750444741085,
        "median return": -0.8185801237717225,
        "number": 7,
        "percengage of green candles": 42.857142857142854
    },
    "[True, True, True, True, False]": {
        "average return": -1.2715764517107608,
        "median return": 0.8022061190953049,
        "number": 7,
        "percengage of green candles": 57.14285714285714
    },
    "[True, True, True, False, True]": {
        "average return": 3.3039811463708624,
        "median return": 1.5186278193546399,
        "number": 6,
        "percengage of green candles": 50.0
    },
    "[True, True, False, True, True]": {
        "average return": 0.023425130580635445,
        "median return": 1.4947022280632551,
        "number": 4,
        "percengage of green candles": 75.0
    },
    "[True, False, True, True, True]": {
        "average return": 0.6115214194568154,
        "median return": 1.951811519999036,
        "number": 6,
        "percengage of green candles": 66.66666666666666
    },
    "[False, True, True, True, True]": {
        "average return": 0.6290171840509388,
        "median return": 2.5575129533678678,
        "number": 7,
        "percengage of green candles": 57.14285714285714
    }
}