{"[True, True, True, True, True]": {"average return": 0.03288086563521912, "median return": -0.06918412348401924, "number": 159, "percengage of green candles": 44.65408805031446}, "[False, False, False, False, False]": {"average return": 0.04247410988059812, "median return": 0.15630759672422234, "number": 107, "percengage of green candles": 61.6822429906542}, "[True, False, False, False, False]": {"average return": 0.03453842633928015, "median return": 0.10774097596660032, "number": 165, "percengage of green candles": 60.0}, "[False, True, False, False, False]": {"average return": 0.1346757996871215, "median return": 0.10440821029670351, "number": 214, "percengage of green candles": 64.01869158878505}, "[False, False, True, False, False]": {"average return": 0.004373134280083408, "median return": 0.11776245710381926, "number": 273, "percengage of green candles": 68.13186813186813}, "[False, False, False, True, False]": {"average return": -0.06700360909080093, "median return": 0.017138599105806798, "number": 215, "percengage of green candles": 52.093023255813954}, "[False, False, False, False, True]": {"average return": -0.023897782435921097, "median return": -0.011799841646125108, "number": 165, "percengage of green candles": 49.09090909090909}, "[True, True, False, False, False]": {"average return": -0.0653754568590102, "median return": 0.0932312393712008, "number": 213, "percengage of green candles": 58.68544600938967}, "[True, False, True, False, False]": {"average return": 0.016148915965018766, "median return": 0.055941826596944966, "number": 304, "percengage of green candles": 58.223684210526315}, "[True, False, False, True, False]": {"average return": -0.0017309115515862328, "median return": 0.005797861345406788, "number": 347, "percengage of green candles": 51.008645533141205}, "[True, False, False, False, True]": {"average return": 0.02860409669068173, "median return": 0.00035429702016552176, "number": 262, "percengage of green candles": 50.0}, "[False, True, True, False, False]": {"average return": 0.033270474279485374, "median return": 0.0879148937390804, "number": 298, "percengage of green candles": 62.751677852349}, "[False, True, False, True, False]": {"average return": 0.08216347685114425, "median return": 0.06181046346184042, "number": 315, "percengage of green candles": 57.77777777777777}, "[False, True, False, False, True]": {"average return": 0.021485760433419814, "median return": 0.01808816689348967, "number": 363, "percengage of green candles": 50.964187327823694}, "[False, False, True, True, False]": {"average return": 0.014146740461521147, "median return": 0.02900185296294083, "number": 314, "percengage of green candles": 54.77707006369427}, "[False, False, True, False, True]": {"average return": 0.059400654525112714, "median return": 0.014756193429104756, "number": 289, "percengage of green candles": 53.28719723183391}, "[False, False, False, True, True]": {"average return": -0.033508752730769996, "median return": -0.028151242362268247, "number": 212, "percengage of green candles": 45.75471698113208}, "[True, True, True, False, False]": {"average return": 0.034908908303098216, "median return": 0.060494642128978496, "number": 244, "percengage of green candles": 58.19672131147541}, "[True, True, False, True, False]": {"average return": -0.02489786831181499, "median return": 0.016600513568452255, "number": 346, "percengage of green candles": 50.57803468208093}, "[True, True, False, False, True]": {"average return": 0.09114219141132486, "median return": -0.020708329729034483, "number": 329, "percengage of green candles": 48.632218844984806}, "[True, False, True, True, False]": {"average return": 0.03790175937073075, "median return": 0.042730754331788315, "number": 354, "percengage of green candles": 55.932203389830505}, "[True, False, True, False, True]": {"average return": 0.009340534094798679, "median return": -0.0037289315368192453, "number": 357, "percengage of green candles": 49.57983193277311}, "[True, False, False, True, True]": {"average return": -0.040009511734459095, "median return": -0.06509140681890306, "number": 345, "percengage of green candles": 42.31884057971014}, "[False, True, True, True, False]": {"average return": -0.006943290346324315, "median return": 0.03753609342703368, "number": 310, "percengage of green candles": 53.87096774193548}, "[False, True, True, False, True]": {"average return": 0.023500537222817787, "median return": -0.00819876426505686, "number": 370, "percengage of green candles": 47.83783783783784}, "[False, True, False, True, True]": {"average return": -0.04192377287070575, "median return": -0.026272298855137866, "number": 331, "percengage of green candles": 46.82779456193353}, "[False, False, True, True, True]": {"average return": -0.08367416559061848, "median return": -0.0903685284832494, "number": 244, "percengage of green candles": 36.885245901639344}, "[True, True, True, True, False]": {"average return": 0.022179733495918633, "median return": 0.016484898964926605, "number": 207, "percengage of green candles": 51.20772946859904}, "[True, True, True, False, True]": {"average return": 0.020581138492923607, "median return": -0.04428452809300101, "number": 273, "percengage of green candles": 43.956043956043956}, "[True, True, False, True, True]": {"average return": -0.08061922406517967, "median return": -0.06879587743950162, "number": 297, "percengage of green candles": 40.06734006734007}, "[True, False, True, True, True]": {"average return": -0.049540926657928426, "median return": -0.06653823348821708, "number": 274, "percengage of green candles": 42.700729927007295}, "[False, True, True, True, True]": {"average return": 0.12472049171749072, "median return": -0.06617016351926795, "number": 207, "percengage of green candles": 42.51207729468599}}