{
  "[True, True, True, True, True]": {
    "average return": -0.024034403185293204,
    "median return": -0.049349955033094674,
    "number": 633,
    "percengage of green candles": 40.28436018957346
  },
  "[False, False, False, False, False]": {
    "average return": 0.04160463116784213,
    "median return": 0.09050996585185137,
    "number": 494,
    "percengage of green candles": 64.97975708502024
  },
  "[True, False, False, False, False]": {
    "average return": 0.008601942866664814,
    "median return": 0.04520934609626599,
    "number": 753,
    "percengage of green candles": 57.37051792828686
  },
  "[False, True, False, False, False]": {
    "average return": 0.051567225507101355,
    "median return": 0.06531337659717329,
    "number": 955,
    "percengage of green candles": 60.83769633507854
  },
  "[False, False, True, False, False]": {
    "average return": 0.001208821203525102,
    "median return": 0.0353281768879014,
    "number": 1016,
    "percengage of green candles": 58.07086614173228
  },
  "[False, False, False, True, False]": {
    "average return": -0.025799750212980026,
    "median return": 0.01788344323487236,
    "number": 911,
    "percengage of green candles": 53.018660812294186
  },
  "[False, False, False, False, True]": {
    "average return": 0.009654184983171811,
    "median return": 0.024687306969704614,
    "number": 753,
    "percengage of green candles": 56.440903054448874
  },
  "[True, True, False, False, False]": {
    "average return": 0.007912483386604208,
    "median return": 0.048798593901806145,
    "number": 1003,
    "percengage of green candles": 62.213359920239284
  },
  "[True, False, True, False, False]": {
    "average return": -0.001034925773729839,
    "median return": 0.030894084685350817,
    "number": 1178,
    "percengage of green candles": 55.09337860780985
  },
  "[True, False, False, True, False]": {
    "average return": 0.0009693994245217419,
    "median return": 0.008808775083552382,
    "number": 1214,
    "percengage of green candles": 51.565074135090605
  },
  "[True, False, False, False, True]": {
    "average return": 0.02930287198069757,
    "median return": 0.006759896911565951,
    "number": 1205,
    "percengage of green candles": 51.6182572614108
  },
  "[False, True, True, False, False]": {
    "average return": 0.028033418135478536,
    "median return": 0.03987087250585755,
    "number": 1347,
    "percengage of green candles": 57.31254639940608
  },
  "[False, True, False, True, False]": {
    "average return": -0.009322692135999884,
    "median return": 0.0039654274172720196,
    "number": 1128,
    "percengage of green candles": 50.35460992907801
  },
  "[False, True, False, False, True]": {
    "average return": 0.02566145760349071,
    "median return": 0.02705354013216813,
    "number": 1239,
    "percengage of green candles": 56.093623890234056
  },
  "[False, False, True, True, False]": {
    "average return": 0.01220870484779004,
    "median return": 0.008693329215525819,
    "number": 1384,
    "percengage of green candles": 51.517341040462426
  },
  "[False, False, True, False, True]": {
    "average return": 0.011213842940011154,
    "median return": 0.02047280346329621,
    "number": 1110,
    "percengage of green candles": 53.51351351351351
  },
  "[False, False, False, True, True]": {
    "average return": -0.02769047880680057,
    "median return": -0.03210372879186093,
    "number": 1047,
    "percengage of green candles": 42.97994269340974
  },
  "[True, True, True, False, False]": {
    "average return": 0.026592697444558222,
    "median return": 0.034522651296336485,
    "number": 1023,
    "percengage of green candles": 58.162267839687196
  },
  "[True, True, False, True, False]": {
    "average return": 0.00916394697479686,
    "median return": 0.005183246670578615,
    "number": 1260,
    "percengage of green candles": 50.95238095238095
  },
  "[True, True, False, False, True]": {
    "average return": -0.0003324731439761765,
    "median return": 0.0024459659905957396,
    "number": 1367,
    "percengage of green candles": 50.98756400877835
  },
  "[True, False, True, True, False]": {
    "average return": -0.015537883084737384,
    "median return": -0.007578851487493504,
    "number": 1316,
    "percengage of green candles": 48.632218844984806
  },
  "[True, False, True, False, True]": {
    "average return": 0.013375891078314961,
    "median return": -0.0037146361192073553,
    "number": 1210,
    "percengage of green candles": 49.421487603305785
  },
  "[True, False, False, True, True]": {
    "average return": -0.01737578536144756,
    "median return": -0.03043452899040871,
    "number": 1392,
    "percengage of green candles": 43.462643678160916
  },
  "[False, True, True, True, False]": {
    "average return": 0.012471174803202534,
    "median return": 0.0011750720509035007,
    "number": 1228,
    "percengage of green candles": 50.0814332247557
  },
  "[False, True, True, False, True]": {
    "average return": 0.02240475755716247,
    "median return": -0.0014001107164388039,
    "number": 1353,
    "percengage of green candles": 49.667405764966745
  },
  "[False, True, False, True, True]": {
    "average return": 0.007844890648420668,
    "median return": -0.0173305897233018,
    "number": 1192,
    "percengage of green candles": 46.560402684563755
  },
  "[False, False, True, True, True]": {
    "average return": 0.004360540736197712,
    "median return": -0.029324055916772947,
    "number": 1054,
    "percengage of green candles": 43.92789373814042
  },
  "[True, True, True, True, False]": {
    "average return": 0.018907710667905496,
    "median return": 0.020349620196871015,
    "number": 902,
    "percengage of green candles": 54.54545454545454
  },
  "[True, True, True, False, True]": {
    "average return": 0.00552075225065235,
    "median return": -0.012090264492304574,
    "number": 1107,
    "percengage of green candles": 47.696476964769644
  },
  "[True, True, False, True, True]": {
    "average return": -0.017341337454681804,
    "median return": -0.02959704857700539,
    "number": 1200,
    "percengage of green candles": 43.416666666666664
  },
  "[True, False, True, True, True]": {
    "average return": -0.02989622361954257,
    "median return": -0.05408225286028275,
    "number": 1076,
    "percengage of green candles": 40.79925650557621
  },
  "[False, True, True, True, True]": {
    "average return": -0.022001572444950532,
    "median return": -0.05032505030079354,
    "number": 902,
    "percengage of green candles": 41.90687361419069
  }
}
