{"[True, True, True, True, True]": {"average return": -0.012567776789287043, "median return": -0.02035545915042959, "number": 2312, "percengage of green candles": 43.77162629757785}, "[False, False, False, False, False]": {"average return": 0.03581818720291743, "median return": 0.02482280066439999, "number": 2303, "percengage of green candles": 57.316543638732085}, "[True, False, False, False, False]": {"average return": 0.013926741767447756, "median return": 0.01491536207767245, "number": 2882, "percengage of green candles": 54.19847328244275}, "[False, True, False, False, False]": {"average return": 0.00786288133843297, "median return": 0.01953244790024213, "number": 3160, "percengage of green candles": 56.10759493670886}, "[False, False, True, False, False]": {"average return": 0.004939640592420321, "median return": 0.013079085686342857, "number": 3335, "percengage of green candles": 53.40329835082459}, "[False, False, False, True, False]": {"average return": -0.01032099577458598, "median return": 0.0017284839143192965, "number": 3162, "percengage of green candles": 50.72738772928527}, "[False, False, False, False, True]": {"average return": -0.009493128524893708, "median return": 0.003171971035068764, "number": 2882, "percengage of green candles": 51.07564191533657}, "[True, True, False, False, False]": {"average return": 0.002168573769517588, "median return": 0.010955146193432137, "number": 3276, "percengage of green candles": 54.36507936507936}, "[True, False, True, False, False]": {"average return": -0.005140014890012897, "median return": 0.007486648345032232, "number": 3396, "percengage of green candles": 52.70906949352179}, "[True, False, False, True, False]": {"average return": -0.019348792963009644, "median return": -0.00030971258672628466, "number": 3497, "percengage of green candles": 49.21361166714326}, "[True, False, False, False, True]": {"average return": -0.0012340853820939648, "median return": 0.0008500429454289951, "number": 3554, "percengage of green candles": 50.70343275182893}, "[False, True, True, False, False]": {"average return": -0.0037122697161913417, "median return": 0.006367611296749982, "number": 3645, "percengage of green candles": 51.98902606310014}, "[False, True, False, True, False]": {"average return": -0.011682436977662919, "median return": -0.00014469686008129474, "number": 3183, "percengage of green candles": 49.732956330505814}, "[False, True, False, False, True]": {"average return": 0.020960990516547626, "median return": 0.007957802426326722, "number": 3571, "percengage of green candles": 52.78633436012321}, "[False, False, True, True, False]": {"average return": -0.004509016636894614, "median return": 0.0, "number": 3660, "percengage of green candles": 49.6448087431694}, "[False, False, True, False, True]": {"average return": 0.018155607086866074, "median return": 0.007163052424583418, "number": 3325, "percengage of green candles": 52.48120300751879}, "[False, False, False, True, True]": {"average return": -0.016889590447630106, "median return": -0.004367303663870607, "number": 3274, "percengage of green candles": 47.434331093463655}, "[True, True, True, False, False]": {"average return": 0.007241695040919749, "median return": 0.0083055145781528, "number": 3252, "percengage of green candles": 53.075030750307505}, "[True, True, False, True, False]": {"average return": -0.006659338556687393, "median return": -0.004582292011751033, "number": 3440, "percengage of green candles": 47.7906976744186}, "[True, True, False, False, True]": {"average return": 0.0004760244266165829, "median return": 0.0, "number": 3621, "percengage of green candles": 49.9861916597625}, "[True, False, True, True, False]": {"average return": -0.005665347267537438, "median return": -0.0038607838512019783, "number": 3478, "percengage of green candles": 48.18861414606096}, "[True, False, True, False, True]": {"average return": 0.016247311246088685, "median return": 0.0005040961775660939, "number": 3226, "percengage of green candles": 50.309981401115934}, "[True, False, False, True, True]": {"average return": 0.0016445014233234492, "median return": -0.005619527346662294, "number": 3695, "percengage of green candles": 47.52368064952639}, "[False, True, True, True, False]": {"average return": -0.006183866804574096, "median return": -0.001243587750659525, "number": 3545, "percengage of green candles": 48.829337094499294}, "[False, True, True, False, True]": {"average return": -0.00040844614095990876, "median return": -0.005046758986670855, "number": 3493, "percengage of green candles": 48.03893501288291}, "[False, True, False, True, True]": {"average return": -0.003776070719340676, "median return": -0.005153383297653467, "number": 3368, "percengage of green candles": 47.65439429928741}, "[False, False, True, True, True]": {"average return": -0.013255235571005598, "median return": -0.014701536965621822, "number": 3309, "percengage of green candles": 45.058930190389844}, "[True, True, True, True, False]": {"average return": -0.002582059158771498, "median return": -0.00015133149011908696, "number": 2863, "percengage of green candles": 49.77296542088718}, "[True, True, True, False, True]": {"average return": 0.012075008906691446, "median return": -0.0025715013168391672, "number": 3156, "percengage of green candles": 48.51077313054499}, "[True, True, False, True, True]": {"average return": -0.009904674074597974, "median return": -0.01003361748928356, "number": 3209, "percengage of green candles": 46.556559675911494}, "[True, False, True, True, True]": {"average return": -0.010599266200904192, "median return": -0.016133518776075863, "number": 3099, "percengage of green candles": 44.27234591803808}, "[False, True, True, True, True]": {"average return": -0.013475594924152935, "median return": -0.012220457045093485, "number": 2863, "percengage of green candles": 45.40691582256374}}