{"[True, True, True, True, True]": {"average return": -0.18827729276000102, "median return": -0.255150139783216, "number": 43, "percengage of green candles": 32.55813953488372}, "[False, False, False, False, False]": {"average return": 0.6553682803887346, "median return": 0.2535327205377907, "number": 33, "percengage of green candles": 57.57575757575758}, "[True, False, False, False, False]": {"average return": -0.29325346402697616, "median return": 0.2846692018712651, "number": 52, "percengage of green candles": 63.46153846153846}, "[False, True, False, False, False]": {"average return": -0.18706971465416808, "median return": 0.33306722494479857, "number": 57, "percengage of green candles": 59.64912280701754}, "[False, False, True, False, False]": {"average return": 0.5717517666027284, "median return": 0.5527492860398342, "number": 52, "percengage of green candles": 63.46153846153846}, "[False, False, False, True, False]": {"average return": 0.5721986581944005, "median return": 0.3529953628366395, "number": 63, "percengage of green candles": 66.66666666666666}, "[False, False, False, False, True]": {"average return": 0.23082736188095415, "median return": 0.2503662691631027, "number": 52, "percengage of green candles": 63.46153846153846}, "[True, True, False, False, False]": {"average return": 0.0038672709887470043, "median return": 0.10783710398352662, "number": 61, "percengage of green candles": 52.459016393442624}, "[True, False, True, False, False]": {"average return": 0.1379873247380217, "median return": 0.1305947555511132, "number": 81, "percengage of green candles": 53.086419753086425}, "[True, False, False, True, False]": {"average return": 0.13551437834368613, "median return": 0.19281013531002322, "number": 74, "percengage of green candles": 58.108108108108105}, "[True, False, False, False, True]": {"average return": -0.7140919858001826, "median return": -0.39415972280232725, "number": 66, "percengage of green candles": 33.33333333333333}, "[False, True, True, False, False]": {"average return": -0.07023598833483927, "median return": 0.0016905202712538463, "number": 75, "percengage of green candles": 50.66666666666667}, "[False, True, False, True, False]": {"average return": 0.23809705081263718, "median return": 0.30321438966173037, "number": 90, "percengage of green candles": 61.111111111111114}, "[False, True, False, False, True]": {"average return": -0.10555703516653692, "median return": 0.0256933384239481, "number": 76, "percengage of green candles": 51.31578947368421}, "[False, False, True, True, False]": {"average return": -0.10661245964576362, "median return": 0.024142251799747792, "number": 66, "percengage of green candles": 51.515151515151516}, "[False, False, True, False, True]": {"average return": 0.18767993629550858, "median return": 0.14758832533863964, "number": 85, "percengage of green candles": 54.11764705882353}, "[False, False, False, True, True]": {"average return": -0.3026094387989435, "median return": -0.4399512453430838, "number": 55, "percengage of green candles": 32.72727272727273}, "[True, True, True, False, False]": {"average return": 0.07936287571589992, "median return": 0.1237211205925069, "number": 50, "percengage of green candles": 52.0}, "[True, True, False, True, False]": {"average return": -0.06949781479198977, "median return": 0.021738716524737196, "number": 93, "percengage of green candles": 51.61290322580645}, "[True, True, False, False, True]": {"average return": -0.06623618459510483, "median return": -0.15965618733596287, "number": 64, "percengage of green candles": 42.1875}, "[True, False, True, True, False]": {"average return": -0.03803512728359013, "median return": -0.10958841665561476, "number": 79, "percengage of green candles": 45.56962025316456}, "[True, False, True, False, True]": {"average return": 0.01725017333279315, "median return": 0.04019257313247804, "number": 103, "percengage of green candles": 50.48543689320388}, "[True, False, False, True, True]": {"average return": 0.01924396045907887, "median return": 0.15916090231693675, "number": 66, "percengage of green candles": 56.060606060606055}, "[False, True, True, True, False]": {"average return": 0.30391514249095947, "median return": 0.19855484821812375, "number": 71, "percengage of green candles": 56.33802816901409}, "[False, True, True, False, True]": {"average return": -0.38880746804199917, "median return": -0.22955511932926448, "number": 70, "percengage of green candles": 40.0}, "[False, True, False, True, True]": {"average return": 0.16691546907683869, "median return": 0.03756660199062418, "number": 98, "percengage of green candles": 51.02040816326531}, "[False, False, True, True, True]": {"average return": 0.43430292074255833, "median return": 0.002717624775679159, "number": 55, "percengage of green candles": 50.90909090909091}, "[True, True, True, True, False]": {"average return": 0.6902359763788456, "median return": 0.42070871458508363, "number": 63, "percengage of green candles": 69.84126984126983}, "[True, True, True, False, True]": {"average return": -0.05079694294848723, "median return": -0.29371913054721255, "number": 84, "percengage of green candles": 38.095238095238095}, "[True, True, False, True, True]": {"average return": -0.0374230179797853, "median return": -0.07041111909016398, "number": 60, "percengage of green candles": 48.333333333333336}, "[True, False, True, True, True]": {"average return": -0.15585002045419769, "median return": -0.1206317812911239, "number": 79, "percengage of green candles": 44.303797468354425}, "[False, True, True, True, True]": {"average return": -0.09333769820828473, "median return": -0.1359493521079051, "number": 63, "percengage of green candles": 46.03174603174603}}