{
  "[True, True, True, True, True]": {
    "average return": 0.015899905194733274,
    "median return": 0.0002938570649914349,
    "number": 3827,
    "percengage of green candles": 54.16775542200158
  },
  "[False, False, False, False, False]": {
    "average return": -0.010748368575257754,
    "median return": 0.0,
    "number": 46236,
    "percengage of green candles": 16.506618219569166
  },
  "[True, False, False, False, False]": {
    "average return": -0.008374630727107252,
    "median return": 0.0,
    "number": 10576,
    "percengage of green candles": 27.84606656580938
  },
  "[False, True, False, False, False]": {
    "average return": -0.010703267882890437,
    "median return": 0.0,
    "number": 9857,
    "percengage of green candles": 27.858374759054477
  },
  "[False, False, True, False, False]": {
    "average return": -0.006979603317422385,
    "median return": 0.0,
    "number": 9704,
    "percengage of green candles": 28.359439406430337
  },
  "[False, False, False, True, False]": {
    "average return": -0.007976457655283958,
    "median return": 0.0,
    "number": 9791,
    "percengage of green candles": 29.159432131549384
  },
  "[False, False, False, False, True]": {
    "average return": 0.008526691969581892,
    "median return": 0.0,
    "number": 10576,
    "percengage of green candles": 33.3018154311649
  },
  "[True, True, False, False, False]": {
    "average return": -0.01839063177109955,
    "median return": 0.0,
    "number": 5256,
    "percengage of green candles": 34.07534246575342
  },
  "[True, False, True, False, False]": {
    "average return": -0.017517179698386117,
    "median return": 0.0,
    "number": 4410,
    "percengage of green candles": 34.12698412698413
  },
  "[True, False, False, True, False]": {
    "average return": -0.011172679882409029,
    "median return": 0.0,
    "number": 4328,
    "percengage of green candles": 36.04436229205176
  },
  "[True, False, False, False, True]": {
    "average return": 0.01043743645003862,
    "median return": 0.0,
    "number": 4537,
    "percengage of green candles": 39.673793255455145
  },
  "[False, True, True, False, False]": {
    "average return": -0.0145364944452018,
    "median return": 0.0,
    "number": 4701,
    "percengage of green candles": 35.71580514784088
  },
  "[False, True, False, True, False]": {
    "average return": -0.0013626420056250578,
    "median return": 0.0,
    "number": 4138,
    "percengage of green candles": 37.5302078298695
  },
  "[False, True, False, False, True]": {
    "average return": 0.0065020810191946665,
    "median return": 0.0,
    "number": 4257,
    "percengage of green candles": 39.06506929762744
  },
  "[False, False, True, True, False]": {
    "average return": -0.014315205833294192,
    "median return": 0.0,
    "number": 4723,
    "percengage of green candles": 36.94685581198391
  },
  "[False, False, True, False, True]": {
    "average return": 0.011950615782781997,
    "median return": 0.0,
    "number": 4415,
    "percengage of green candles": 41.449603624009065
  },
  "[False, False, False, True, True]": {
    "average return": 0.008153282055591562,
    "median return": 0.0,
    "number": 5322,
    "percengage of green candles": 42.108229988726045
  },
  "[True, True, True, False, False]": {
    "average return": -0.00984490576415429,
    "median return": 0.0,
    "number": 3796,
    "percengage of green candles": 41.14857744994732
  },
  "[True, True, False, True, False]": {
    "average return": -0.010307127321357907,
    "median return": 0.0,
    "number": 3168,
    "percengage of green candles": 42.39267676767677
  },
  "[True, True, False, False, True]": {
    "average return": 0.010971765308284488,
    "median return": 0.0,
    "number": 3241,
    "percengage of green candles": 46.49799444615859
  },
  "[True, False, True, True, False]": {
    "average return": -0.0061308950653544796,
    "median return": 0.0,
    "number": 3027,
    "percengage of green candles": 43.0789560621077
  },
  "[True, False, True, False, True]": {
    "average return": 0.012800544166958758,
    "median return": 0.0,
    "number": 2896,
    "percengage of green candles": 46.3743093922652
  },
  "[True, False, False, True, True]": {
    "average return": 0.02285463003161888,
    "median return": 0.0,
    "number": 3170,
    "percengage of green candles": 48.201892744479494
  },
  "[False, True, True, True, False]": {
    "average return": 0.000491090661217659,
    "median return": 0.0,
    "number": 3427,
    "percengage of green candles": 43.770061278085784
  },
  "[False, True, True, False, True]": {
    "average return": 0.012498319752056942,
    "median return": 0.0,
    "number": 3049,
    "percengage of green candles": 46.40865857658248
  },
  "[False, True, False, True, True]": {
    "average return": 0.017986543359381928,
    "median return": 0.0,
    "number": 3173,
    "percengage of green candles": 48.408446265364006
  },
  "[False, False, True, True, True]": {
    "average return": 0.021108632229248737,
    "median return": 0.0,
    "number": 3769,
    "percengage of green candles": 48.421331918280714
  },
  "[True, True, True, True, False]": {
    "average return": -0.0164668394264499,
    "median return": 0.0,
    "number": 3376,
    "percengage of green candles": 44.638625592417064
  },
  "[True, True, True, False, True]": {
    "average return": 0.017761340257814076,
    "median return": 0.0,
    "number": 3007,
    "percengage of green candles": 48.98570003325574
  },
  "[True, True, False, True, True]": {
    "average return": 0.02100607264089223,
    "median return": 0.0001408729525027024,
    "number": 2888,
    "percengage of green candles": 51.86980609418283
  },
  "[True, False, True, True, True]": {
    "average return": 0.017742477125176903,
    "median return": 0.00012299379785118923,
    "number": 3034,
    "percengage of green candles": 51.1206328279499
  },
  "[False, True, True, True, True]": {
    "average return": 0.022998257487701578,
    "median return": 0.00015902034830352898,
    "number": 3376,
    "percengage of green candles": 51.95497630331754
  }
}
