{
  "[True, True, True, True, True]": {
    "average return": -0.0007744515075228229,
    "median return": -0.005045139622279261,
    "number": 6465,
    "percengage of green candles": 45.630317092034026
  },
  "[False, False, False, False, False]": {
    "average return": 0.0007646509638486902,
    "median return": 0.0036219630419563388,
    "number": 7542,
    "percengage of green candles": 52.731370989127555
  },
  "[True, False, False, False, False]": {
    "average return": 0.0016452748783936566,
    "median return": 0.002802383380682115,
    "number": 8296,
    "percengage of green candles": 52.06123432979749
  },
  "[False, True, False, False, False]": {
    "average return": -0.0009339686480644991,
    "median return": 0.0010580054160781215,
    "number": 8376,
    "percengage of green candles": 51.170009551098374
  },
  "[False, False, True, False, False]": {
    "average return": -0.0016138719893559893,
    "median return": 0.0,
    "number": 8571,
    "percengage of green candles": 49.877493874693734
  },
  "[False, False, False, True, False]": {
    "average return": -0.0036108586542224373,
    "median return": -0.0003211938528373293,
    "number": 8385,
    "percengage of green candles": 48.77757901013715
  },
  "[False, False, False, False, True]": {
    "average return": 0.0006914292751353921,
    "median return": 0.0,
    "number": 8296,
    "percengage of green candles": 49.91562198649952
  },
  "[True, True, False, False, False]": {
    "average return": 9.503378352565347e-5,
    "median return": 0.000745423639896294,
    "number": 8559,
    "percengage of green candles": 50.85874518051175
  },
  "[True, False, True, False, False]": {
    "average return": 0.0010229801239323,
    "median return": 0.0006555801814337722,
    "number": 8319,
    "percengage of green candles": 50.95564370717634
  },
  "[True, False, False, True, False]": {
    "average return": -0.003125114205071462,
    "median return": -3.3591292056799146e-5,
    "number": 8415,
    "percengage of green candles": 49.18597742127154
  },
  "[True, False, False, False, True]": {
    "average return": 0.004970851678080808,
    "median return": 0.0008690691600767856,
    "number": 8639,
    "percengage of green candles": 51.03599953698345
  },
  "[False, True, True, False, False]": {
    "average return": -0.0032777810011306013,
    "median return": -9.716265611821856e-5,
    "number": 8699,
    "percengage of green candles": 48.93665938613634
  },
  "[False, True, False, True, False]": {
    "average return": -0.004563803356898262,
    "median return": -0.0013636134864916986,
    "number": 7827,
    "percengage of green candles": 47.40002555257442
  },
  "[False, True, False, False, True]": {
    "average return": 0.0010265082371500951,
    "median return": 0.0,
    "number": 8514,
    "percengage of green candles": 49.53018557669721
  },
  "[False, False, True, True, False]": {
    "average return": -0.004545889761690567,
    "median return": -0.00014333958293358717,
    "number": 8653,
    "percengage of green candles": 48.51496590777765
  },
  "[False, False, True, False, True]": {
    "average return": 0.0023027058911526633,
    "median return": 0.0,
    "number": 8229,
    "percengage of green candles": 49.677968161380484
  },
  "[False, False, False, True, True]": {
    "average return": 0.0005762412669706067,
    "median return": -2.5146014648654346e-5,
    "number": 8550,
    "percengage of green candles": 49.2046783625731
  },
  "[True, True, True, False, False]": {
    "average return": 0.0013290030665401489,
    "median return": 2.5234239909383547e-5,
    "number": 8274,
    "percengage of green candles": 50.241721053903795
  },
  "[True, True, False, True, False]": {
    "average return": -0.004256185764128749,
    "median return": -0.0013366124893156714,
    "number": 8049,
    "percengage of green candles": 47.794757112684806
  },
  "[True, True, False, False, True]": {
    "average return": 0.003765018685379316,
    "median return": 0.0007923125374777781,
    "number": 8414,
    "percengage of green candles": 51.057760874732594
  },
  "[True, False, True, True, False]": {
    "average return": -0.00471794619833614,
    "median return": -0.0018595877584694598,
    "number": 8115,
    "percengage of green candles": 47.701786814540974
  },
  "[True, False, True, False, True]": {
    "average return": 0.004531585080561387,
    "median return": 0.00059088719002849,
    "number": 7557,
    "percengage of green candles": 51.22403070001324
  },
  "[True, False, False, True, True]": {
    "average return": 0.0014796132040852427,
    "median return": -2.353614585905358e-5,
    "number": 8513,
    "percengage of green candles": 49.37154939504288
  },
  "[False, True, True, True, False]": {
    "average return": -0.0036543226660420464,
    "median return": -0.000908039588015776,
    "number": 8348,
    "percengage of green candles": 48.46669861044561
  },
  "[False, True, True, False, True]": {
    "average return": 0.0026480702076859845,
    "median return": -3.3633139142439935e-5,
    "number": 8069,
    "percengage of green candles": 49.0643202379477
  },
  "[False, True, False, True, True]": {
    "average return": 0.0018387981530892988,
    "median return": -0.0009372517090060058,
    "number": 7958,
    "percengage of green candles": 48.328725810505155
  },
  "[False, False, True, True, True]": {
    "average return": -0.0010153154386784871,
    "median return": -0.002730981855141053,
    "number": 8410,
    "percengage of green candles": 47.52675386444709
  },
  "[True, True, True, True, False]": {
    "average return": -0.0035141650096319667,
    "median return": -0.0008400152730094088,
    "number": 7697,
    "percengage of green candles": 48.40847083279199
  },
  "[True, True, True, False, True]": {
    "average return": 0.0037733951700468014,
    "median return": -2.1843019514635968e-5,
    "number": 7772,
    "percengage of green candles": 49.318064848172924
  },
  "[True, True, False, True, True]": {
    "average return": 0.0016918497547885466,
    "median return": -0.00027850168560842757,
    "number": 7792,
    "percengage of green candles": 48.62679671457906
  },
  "[True, False, True, True, True]": {
    "average return": 0.0004935725833329041,
    "median return": -0.0013613276177413703,
    "number": 7635,
    "percengage of green candles": 48.461034708578914
  },
  "[False, True, True, True, True]": {
    "average return": -0.003702856930487328,
    "median return": -0.005267985455157826,
    "number": 7697,
    "percengage of green candles": 45.66714304274392
  }
}
