{
  "[True, True, True, True, True]": {
    "average return": -0.15551849170302487,
    "median return": -0.2541101352757771,
    "number": 12,
    "percengage of green candles": 33.33333333333333
  },
  "[False, False, False, False, False]": {
    "average return": -0.6830490226130724,
    "median return": -0.07581036608099964,
    "number": 23,
    "percengage of green candles": 47.82608695652174
  },
  "[True, False, False, False, False]": {
    "average return": 0.06749098118888644,
    "median return": 0.22317794292027013,
    "number": 31,
    "percengage of green candles": 64.51612903225806
  },
  "[False, True, False, False, False]": {
    "average return": -0.3144584663520535,
    "median return": -0.13871745239070654,
    "number": 38,
    "percengage of green candles": 47.368421052631575
  },
  "[False, False, True, False, False]": {
    "average return": -0.06499871224593931,
    "median return": -0.0844092820799267,
    "number": 35,
    "percengage of green candles": 48.57142857142857
  },
  "[False, False, False, True, False]": {
    "average return": 0.3422143224633416,
    "median return": 0.19195008088860743,
    "number": 32,
    "percengage of green candles": 59.375
  },
  "[False, False, False, False, True]": {
    "average return": 0.026787364071667732,
    "median return": 0.10791795214467881,
    "number": 31,
    "percengage of green candles": 58.06451612903226
  },
  "[True, True, False, False, False]": {
    "average return": -0.022256639905442216,
    "median return": 0.05459484817320584,
    "number": 27,
    "percengage of green candles": 59.25925925925925
  },
  "[True, False, True, False, False]": {
    "average return": -0.703301827155082,
    "median return": -0.20123316970208682,
    "number": 35,
    "percengage of green candles": 42.857142857142854
  },
  "[True, False, False, True, False]": {
    "average return": -0.2926006363145008,
    "median return": -0.17839707791658674,
    "number": 38,
    "percengage of green candles": 42.10526315789473
  },
  "[True, False, False, False, True]": {
    "average return": -0.06848583422593182,
    "median return": -0.028430199678855454,
    "number": 34,
    "percengage of green candles": 44.11764705882353
  },
  "[False, True, True, False, False]": {
    "average return": 0.21425985708285653,
    "median return": 0.1856988382875597,
    "number": 39,
    "percengage of green candles": 61.53846153846154
  },
  "[False, True, False, True, False]": {
    "average return": 0.22219158877222825,
    "median return": 0.18593423728843012,
    "number": 48,
    "percengage of green candles": 56.25
  },
  "[False, True, False, False, True]": {
    "average return": -0.49260749789363306,
    "median return": -0.47287908920017097,
    "number": 32,
    "percengage of green candles": 37.5
  },
  "[False, False, True, True, False]": {
    "average return": -0.3720947509296503,
    "median return": -0.06215351670043795,
    "number": 36,
    "percengage of green candles": 44.44444444444444
  },
  "[False, False, True, False, True]": {
    "average return": -0.24196301872956194,
    "median return": -0.1988893827365928,
    "number": 34,
    "percengage of green candles": 35.294117647058826
  },
  "[False, False, False, True, True]": {
    "average return": 0.26050002073951023,
    "median return": 0.09571913101556855,
    "number": 33,
    "percengage of green candles": 54.54545454545454
  },
  "[True, True, True, False, False]": {
    "average return": -0.17769321540616384,
    "median return": 0.22147284018816252,
    "number": 33,
    "percengage of green candles": 63.63636363636363
  },
  "[True, True, False, True, False]": {
    "average return": 0.2511351890573199,
    "median return": 0.20563702408629136,
    "number": 36,
    "percengage of green candles": 61.111111111111114
  },
  "[True, True, False, False, True]": {
    "average return": 0.07944668492863055,
    "median return": 0.0980730657089518,
    "number": 45,
    "percengage of green candles": 60.0
  },
  "[True, False, True, True, False]": {
    "average return": -0.14878903254936748,
    "median return": -0.1835153158650192,
    "number": 34,
    "percengage of green candles": 44.11764705882353
  },
  "[True, False, True, False, True]": {
    "average return": 0.08484912082269898,
    "median return": -0.03848629850252005,
    "number": 49,
    "percengage of green candles": 46.93877551020408
  },
  "[True, False, False, True, True]": {
    "average return": -0.031147462111072846,
    "median return": -0.06910216407517326,
    "number": 39,
    "percengage of green candles": 46.15384615384615
  },
  "[False, True, True, True, False]": {
    "average return": 0.43468502939465026,
    "median return": 0.08294142589558708,
    "number": 39,
    "percengage of green candles": 56.41025641025641
  },
  "[False, True, True, False, True]": {
    "average return": 0.06317940374775412,
    "median return": -0.19667065151831326,
    "number": 31,
    "percengage of green candles": 35.483870967741936
  },
  "[False, True, False, True, True]": {
    "average return": -0.27349020347403585,
    "median return": -0.2057156747042467,
    "number": 35,
    "percengage of green candles": 37.142857142857146
  },
  "[False, False, True, True, True]": {
    "average return": 0.09484366473204713,
    "median return": -0.0694722234662359,
    "number": 36,
    "percengage of green candles": 44.44444444444444
  },
  "[True, True, True, True, False]": {
    "average return": -0.549264605778249,
    "median return": -0.18597114729177133,
    "number": 27,
    "percengage of green candles": 40.74074074074074
  },
  "[True, True, True, False, True]": {
    "average return": 0.2915016234512959,
    "median return": 0.019816178536595615,
    "number": 33,
    "percengage of green candles": 51.515151515151516
  },
  "[True, True, False, True, True]": {
    "average return": 0.07307934160481036,
    "median return": 0.07734471666564978,
    "number": 29,
    "percengage of green candles": 58.620689655172406
  },
  "[True, False, True, True, True]": {
    "average return": -0.46312803309184064,
    "median return": -0.30223184552474247,
    "number": 30,
    "percengage of green candles": 36.666666666666664
  },
  "[False, True, True, True, True]": {
    "average return": -0.31627515079788276,
    "median return": -0.26308094898351225,
    "number": 27,
    "percengage of green candles": 29.629629629629626
  }
}
