{
  "[True, True, True, True, True]": {
    "average return": -0.016061532573809663,
    "median return": -0.02643133521369406,
    "number": 1001,
    "percengage of green candles": 43.65634365634365
  },
  "[False, False, False, False, False]": {
    "average return": 0.005540502242429706,
    "median return": 0.018988764727685924,
    "number": 1209,
    "percengage of green candles": 55.99669148056245
  },
  "[True, False, False, False, False]": {
    "average return": 0.005225398385353273,
    "median return": 0.01771264504164722,
    "number": 1488,
    "percengage of green candles": 54.502688172043015
  },
  "[False, True, False, False, False]": {
    "average return": 0.004144078212065591,
    "median return": 0.013984244921332729,
    "number": 1567,
    "percengage of green candles": 54.24377791959157
  },
  "[False, False, True, False, False]": {
    "average return": 0.009644139066555639,
    "median return": 0.014835882285160092,
    "number": 1618,
    "percengage of green candles": 53.95550061804697
  },
  "[False, False, False, True, False]": {
    "average return": -0.007849838655270624,
    "median return": 0.0041068115971115565,
    "number": 1570,
    "percengage of green candles": 51.0828025477707
  },
  "[False, False, False, False, True]": {
    "average return": -0.0037843942119543685,
    "median return": -0.0008437098549849227,
    "number": 1488,
    "percengage of green candles": 49.32795698924731
  },
  "[True, True, False, False, False]": {
    "average return": -0.0014340300303311167,
    "median return": 0.010373030247276595,
    "number": 1652,
    "percengage of green candles": 53.32929782082324
  },
  "[True, False, True, False, False]": {
    "average return": 0.0026276019785428694,
    "median return": 0.005015909766856384,
    "number": 1712,
    "percengage of green candles": 51.98598130841121
  },
  "[True, False, False, True, False]": {
    "average return": -0.006694769422580499,
    "median return": 0.0036132058218128417,
    "number": 1735,
    "percengage of green candles": 51.008645533141205
  },
  "[True, False, False, False, True]": {
    "average return": 0.008739676315241978,
    "median return": 0.00884523216817334,
    "number": 1731,
    "percengage of green candles": 52.85961871750433
  },
  "[False, True, True, False, False]": {
    "average return": -0.005730068492508252,
    "median return": 0.006279106073192323,
    "number": 1878,
    "percengage of green candles": 51.863684771033014
  },
  "[False, True, False, True, False]": {
    "average return": -0.0032167552926514707,
    "median return": -6.364379838670576e-5,
    "number": 1637,
    "percengage of green candles": 49.84728161270617
  },
  "[False, True, False, False, True]": {
    "average return": -0.0017634420181837703,
    "median return": 0.003381450569838319,
    "number": 1763,
    "percengage of green candles": 51.21951219512195
  },
  "[False, False, True, True, False]": {
    "average return": -0.0007708412161787894,
    "median return": 0.0019133512437439092,
    "number": 1904,
    "percengage of green candles": 50.47268907563025
  },
  "[False, False, True, False, True]": {
    "average return": -0.00286108686904081,
    "median return": 0.002460229083170819,
    "number": 1687,
    "percengage of green candles": 51.037344398340245
  },
  "[False, False, False, True, True]": {
    "average return": -0.018345484009667273,
    "median return": -0.02085731925047138,
    "number": 1649,
    "percengage of green candles": 44.08732565191025
  },
  "[True, True, True, False, False]": {
    "average return": 0.011340502767435043,
    "median return": 0.011403220736035021,
    "number": 1585,
    "percengage of green candles": 52.80757097791798
  },
  "[True, True, False, True, False]": {
    "average return": -0.014053118029880874,
    "median return": -0.008890082112938898,
    "number": 1695,
    "percengage of green candles": 47.43362831858407
  },
  "[True, True, False, False, True]": {
    "average return": 0.006624264438091554,
    "median return": 0.0052188024565627735,
    "number": 1812,
    "percengage of green candles": 51.71081677704195
  },
  "[True, False, True, True, False]": {
    "average return": -0.008903182453540718,
    "median return": -0.0049095134212840934,
    "number": 1836,
    "percengage of green candles": 49.074074074074076
  },
  "[True, False, True, False, True]": {
    "average return": 0.014310002671028298,
    "median return": -2.545616696952878e-5,
    "number": 1620,
    "percengage of green candles": 49.93827160493827
  },
  "[True, False, False, True, True]": {
    "average return": -0.004828026591370528,
    "median return": -0.008851960877856122,
    "number": 1840,
    "percengage of green candles": 46.630434782608695
  },
  "[False, True, True, True, False]": {
    "average return": -0.0008688403525273762,
    "median return": -0.003244403556851348,
    "number": 1784,
    "percengage of green candles": 49.2152466367713
  },
  "[False, True, True, False, True]": {
    "average return": 0.007972360954143587,
    "median return": 0.0008259641135172147,
    "number": 1862,
    "percengage of green candles": 50.32223415682062
  },
  "[False, True, False, True, True]": {
    "average return": -0.006170069382520542,
    "median return": -0.013334650965295337,
    "number": 1670,
    "percengage of green candles": 46.10778443113773
  },
  "[False, False, True, True, True]": {
    "average return": -0.012573036788288151,
    "median return": -0.015503039590882783,
    "number": 1585,
    "percengage of green candles": 44.10094637223975
  },
  "[True, True, True, True, False]": {
    "average return": -0.004339265050014903,
    "median return": -4.0123901269291574e-5,
    "number": 1356,
    "percengage of green candles": 49.926253687315636
  },
  "[True, True, True, False, True]": {
    "average return": 0.014106131240919778,
    "median return": 0.0023576406080042826,
    "number": 1555,
    "percengage of green candles": 50.482315112540185
  },
  "[True, True, False, True, True]": {
    "average return": 0.00353482900537697,
    "median return": -0.012363549854174215,
    "number": 1722,
    "percengage of green candles": 45.64459930313589
  },
  "[True, False, True, True, True]": {
    "average return": -0.013374754712015324,
    "median return": -0.02549342301646227,
    "number": 1556,
    "percengage of green candles": 42.28791773778921
  },
  "[False, True, True, True, True]": {
    "average return": -0.009100014590740363,
    "median return": -0.0271225923829411,
    "number": 1356,
    "percengage of green candles": 41.5929203539823
  }
}
