{
  "[True, True, True, True, True]": {
    "average return": 0.6376846010531606,
    "median return": -0.42190830995483125,
    "number": 16,
    "percengage of green candles": 43.75
  },
  "[False, False, False, False, False]": {
    "average return": 1.0552308170371494,
    "median return": 0.865266368726755,
    "number": 5,
    "percengage of green candles": 80.0
  },
  "[True, False, False, False, False]": {
    "average return": 1.7878571477756466,
    "median return": 0.7879461848187879,
    "number": 10,
    "percengage of green candles": 60.0
  },
  "[False, True, False, False, False]": {
    "average return": 0.26041148042082696,
    "median return": 0.1027786538325787,
    "number": 12,
    "percengage of green candles": 50.0
  },
  "[False, False, True, False, False]": {
    "average return": -0.9113416460331604,
    "median return": -0.7943466057863737,
    "number": 7,
    "percengage of green candles": 42.857142857142854
  },
  "[False, False, False, True, False]": {
    "average return": 0.5106363666505466,
    "median return": 0.4252606304405952,
    "number": 10,
    "percengage of green candles": 60.0
  },
  "[False, False, False, False, True]": {
    "average return": -0.09005613606346018,
    "median return": -0.4311389295466116,
    "number": 10,
    "percengage of green candles": 40.0
  },
  "[True, True, False, False, False]": {
    "average return": 1.1804943114587287,
    "median return": 0.9004096216342614,
    "number": 9,
    "percengage of green candles": 55.55555555555556
  },
  "[True, False, True, False, False]": {
    "average return": 0.3427294482694397,
    "median return": 0.2872190122455488,
    "number": 19,
    "percengage of green candles": 57.89473684210527
  },
  "[True, False, False, True, False]": {
    "average return": -1.2221780751607378,
    "median return": 0.44946043242917666,
    "number": 14,
    "percengage of green candles": 78.57142857142857
  },
  "[True, False, False, False, True]": {
    "average return": 0.8052469628086857,
    "median return": 0.11043192882584983,
    "number": 11,
    "percengage of green candles": 63.63636363636363
  },
  "[False, True, True, False, False]": {
    "average return": 0.40872602054929486,
    "median return": 0.017141107378934012,
    "number": 10,
    "percengage of green candles": 50.0
  },
  "[False, True, False, True, False]": {
    "average return": -0.8411757190070716,
    "median return": -0.5439101177843296,
    "number": 15,
    "percengage of green candles": 33.33333333333333
  },
  "[False, True, False, False, True]": {
    "average return": -2.057751861349449,
    "median return": -0.46125856340013593,
    "number": 14,
    "percengage of green candles": 28.57142857142857
  },
  "[False, False, True, True, False]": {
    "average return": 0.7743746031937592,
    "median return": 0.8881123330445856,
    "number": 9,
    "percengage of green candles": 66.66666666666666
  },
  "[False, False, True, False, True]": {
    "average return": 0.6208677265491583,
    "median return": 0.649086707576249,
    "number": 17,
    "percengage of green candles": 52.94117647058824
  },
  "[False, False, False, True, True]": {
    "average return": -0.7151664622507187,
    "median return": -0.5259172666648974,
    "number": 11,
    "percengage of green candles": 45.45454545454545
  },
  "[True, True, True, False, False]": {
    "average return": 0.23707677388425047,
    "median return": -0.1339545218253767,
    "number": 7,
    "percengage of green candles": 42.857142857142854
  },
  "[True, True, False, True, False]": {
    "average return": -0.8777516369685652,
    "median return": -0.4927473575106614,
    "number": 13,
    "percengage of green candles": 30.76923076923077
  },
  "[True, True, False, False, True]": {
    "average return": -0.010569578565341381,
    "median return": -0.11458413660867386,
    "number": 8,
    "percengage of green candles": 50.0
  },
  "[True, False, True, True, False]": {
    "average return": -1.2409591828256452,
    "median return": -0.8180819139969568,
    "number": 12,
    "percengage of green candles": 41.66666666666667
  },
  "[True, False, True, False, True]": {
    "average return": -0.515143712251385,
    "median return": -0.11393280321840286,
    "number": 9,
    "percengage of green candles": 22.22222222222222
  },
  "[True, False, False, True, True]": {
    "average return": 1.3180940235713665,
    "median return": 0.8991060905088845,
    "number": 8,
    "percengage of green candles": 62.5
  },
  "[False, True, True, True, False]": {
    "average return": 0.007280144369654451,
    "median return": 0.15120518492668225,
    "number": 10,
    "percengage of green candles": 70.0
  },
  "[False, True, True, False, True]": {
    "average return": 1.309950323751244,
    "median return": -0.5017709563164118,
    "number": 11,
    "percengage of green candles": 45.45454545454545
  },
  "[False, True, False, True, True]": {
    "average return": 1.200655993935728,
    "median return": 1.0770008515284213,
    "number": 11,
    "percengage of green candles": 54.54545454545454
  },
  "[False, False, True, True, True]": {
    "average return": 1.7193308009087978,
    "median return": 1.1324672442431556,
    "number": 10,
    "percengage of green candles": 50.0
  },
  "[True, True, True, True, False]": {
    "average return": 2.3151825550334455,
    "median return": 1.8969416499759477,
    "number": 11,
    "percengage of green candles": 63.63636363636363
  },
  "[True, True, True, False, True]": {
    "average return": -0.19120178540585514,
    "median return": 0.3304442511600976,
    "number": 14,
    "percengage of green candles": 57.14285714285714
  },
  "[True, True, False, True, True]": {
    "average return": -0.004139049751702761,
    "median return": -0.07402014614109027,
    "number": 13,
    "percengage of green candles": 46.15384615384615
  },
  "[True, False, True, True, True]": {
    "average return": 0.48801706909655934,
    "median return": -0.3077544498136146,
    "number": 12,
    "percengage of green candles": 50.0
  },
  "[False, True, True, True, True]": {
    "average return": 1.6457495768716577,
    "median return": 1.6180197644473693,
    "number": 11,
    "percengage of green candles": 81.81818181818183
  }
}
