{"[True, True, True, True, True]": {"average return": 0.5773523667482986, "median return": 0.2580450115407304, "number": 15, "percengage of green candles": 53.333333333333336}, "[False, False, False, False, False]": {"average return": 1.1579005770084372, "median return": 1.1579005770084372, "number": 1, "percengage of green candles": 100.0}, "[True, False, False, False, False]": {"average return": 0.7383524022528574, "median return": 0.8437978292411461, "number": 4, "percengage of green candles": 75.0}, "[False, True, False, False, False]": {"average return": 2.6414843973207947, "median return": 1.9046859104444793, "number": 6, "percengage of green candles": 66.66666666666666}, "[False, False, True, False, False]": {"average return": 1.3898843680634698, "median return": 0.7445710617599106, "number": 6, "percengage of green candles": 83.33333333333334}, "[False, False, False, True, False]": {"average return": 6.167845238948465, "median return": 4.206702966962857, "number": 3, "percengage of green candles": 66.66666666666666}, "[False, False, False, False, True]": {"average return": -7.958368992368001, "median return": 1.0077417859567084, "number": 4, "percengage of green candles": 75.0}, "[True, True, False, False, False]": {"average return": -0.5901976987775087, "median return": -0.445278421966558, "number": 3, "percengage of green candles": 33.33333333333333}, "[True, False, True, False, False]": {"average return": -0.8834104940619094, "median return": -0.1387280788210118, "number": 10, "percengage of green candles": 50.0}, "[True, False, False, True, False]": {"average return": 0.01112916227347414, "median return": 0.8804242088624736, "number": 13, "percengage of green candles": 61.53846153846154}, "[True, False, False, False, True]": {"average return": 0.4751008000548012, "median return": 0.2500605994260614, "number": 5, "percengage of green candles": 60.0}, "[False, True, True, False, False]": {"average return": 0.8855145067917155, "median return": 1.1345621552477905, "number": 6, "percengage of green candles": 66.66666666666666}, "[False, True, False, True, False]": {"average return": 0.7150604228747988, "median return": 1.2635155790295838, "number": 25, "percengage of green candles": 76.0}, "[False, True, False, False, True]": {"average return": 0.7751604907286191, "median return": 0.28317422977187545, "number": 10, "percengage of green candles": 60.0}, "[False, False, True, True, False]": {"average return": -0.6571150748080398, "median return": 0.6296434316227402, "number": 7, "percengage of green candles": 71.42857142857143}, "[False, False, True, False, True]": {"average return": -0.033824948429668475, "median return": -0.2972029596969928, "number": 10, "percengage of green candles": 40.0}, "[False, False, False, True, True]": {"average return": 2.5238712930955276, "median return": 2.013073434003581, "number": 6, "percengage of green candles": 66.66666666666666}, "[True, True, True, False, False]": {"average return": 2.7800645951483998, "median return": 3.904678410309881, "number": 12, "percengage of green candles": 91.66666666666666}, "[True, True, False, True, False]": {"average return": 2.1421738841224247, "median return": 1.9077304789385225, "number": 16, "percengage of green candles": 75.0}, "[True, True, False, False, True]": {"average return": -0.17698891119976048, "median return": -0.9479098681107101, "number": 15, "percengage of green candles": 40.0}, "[True, False, True, True, False]": {"average return": 0.8420056371421506, "median return": 1.13983679742818, "number": 17, "percengage of green candles": 76.47058823529412}, "[True, False, True, False, True]": {"average return": -0.8021953994748712, "median return": -0.5847115846319094, "number": 31, "percengage of green candles": 38.70967741935484}, "[True, False, False, True, True]": {"average return": 1.242538391696067, "median return": 0.29949395275431623, "number": 12, "percengage of green candles": 58.333333333333336}, "[False, True, True, True, False]": {"average return": 0.2888782976445336, "median return": 0.926432782900072, "number": 14, "percengage of green candles": 57.14285714285714}, "[False, True, True, False, True]": {"average return": -0.8187334770947322, "median return": -0.41862940532408777, "number": 18, "percengage of green candles": 44.44444444444444}, "[False, True, False, True, True]": {"average return": 0.5216956650571747, "median return": -1.003890835372106, "number": 16, "percengage of green candles": 25.0}, "[False, False, True, True, True]": {"average return": -0.8413944466674498, "median return": -0.06478503555479957, "number": 11, "percengage of green candles": 45.45454545454545}, "[True, True, True, True, False]": {"average return": 0.6172284470600804, "median return": -0.023466429433909964, "number": 11, "percengage of green candles": 45.45454545454545}, "[True, True, True, False, True]": {"average return": -0.01477867839020894, "median return": 1.0112412306271614, "number": 13, "percengage of green candles": 53.84615384615385}, "[True, True, False, True, True]": {"average return": 1.1588568734954359, "median return": 0.5455985935497035, "number": 15, "percengage of green candles": 66.66666666666666}, "[True, False, True, True, True]": {"average return": 0.29347151009468914, "median return": -0.11291120630984093, "number": 14, "percengage of green candles": 42.857142857142854}, "[False, True, True, True, True]": {"average return": 2.33918622723736, "median return": 0.6711991796848118, "number": 11, "percengage of green candles": 63.63636363636363}}