{
  "[True, True, True, True, True]": {
    "average return": 1.3786556623437545,
    "median return": 4.634202870752206,
    "number": 7,
    "percengage of green candles": 57.14285714285714
  },
  "[False, False, False, False, False]": {
    "average return": -1.1329538522359248,
    "median return": 0.8785638256459904,
    "number": 4,
    "percengage of green candles": 50.0
  },
  "[True, False, False, False, False]": {
    "average return": -2.2248486559668925,
    "median return": -2.2248486559668925,
    "number": 2,
    "percengage of green candles": 0.0
  },
  "[False, True, False, False, False]": {
    "average return": -4.834324986068389,
    "median return": -3.2642403224593726,
    "number": 3,
    "percengage of green candles": 33.33333333333333
  },
  "[False, False, True, False, False]": {
    "average return": -0.8619232838354665,
    "median return": -1.4745095680931708,
    "number": 4,
    "percengage of green candles": 50.0
  },
  "[False, False, False, True, False]": {
    "average return": -1.0825851737441474,
    "median return": -1.0825851737441474,
    "number": 2,
    "percengage of green candles": 50.0
  },
  "[False, False, False, False, True]": {
    "average return": -1.5846082955273975,
    "median return": -1.5846082955273975,
    "number": 2,
    "percengage of green candles": 0.0
  },
  "[True, True, False, False, False]": {
    "average return": 1.4319783995041127,
    "median return": 1.4319783995041127,
    "number": 1,
    "percengage of green candles": 100.0
  },
  "[True, False, True, False, False]": {
    "average return": -1.2632760387421933,
    "median return": -1.2632760387421933,
    "number": 2,
    "percengage of green candles": 50.0
  },
  "[True, False, False, True, False]": {
    "average return": 0.7299281402297004,
    "median return": -0.0638015466204838,
    "number": 5,
    "percengage of green candles": 40.0
  },
  "[True, False, False, False, True]": {
    "average return": 4.7035508509751764,
    "median return": 4.7035508509751764,
    "number": 2,
    "percengage of green candles": 100.0
  },
  "[False, True, True, False, False]": {
    "average return": 2.776569489675173,
    "median return": 2.776569489675173,
    "number": 2,
    "percengage of green candles": 100.0
  },
  "[False, True, False, True, False]": {
    "average return": 0.8535845417954646,
    "median return": 0.8535845417954646,
    "number": 2,
    "percengage of green candles": 50.0
  },
  "[False, True, False, False, True]": {
    "average return": -3.0237650717757063,
    "median return": -3.5150140704739123,
    "number": 3,
    "percengage of green candles": 33.33333333333333
  },
  "[False, False, True, True, False]": {
    "average return": 1.2917801781694633,
    "median return": 1.2917801781694633,
    "number": 2,
    "percengage of green candles": 100.0
  },
  "[False, False, True, False, True]": {
    "average return": -0.5979284569758757,
    "median return": 1.0734580132398464,
    "number": 3,
    "percengage of green candles": 66.66666666666666
  },
  "[False, False, False, True, True]": {
    "average return": 2.3034846294409963,
    "median return": 2.3034846294409963,
    "number": 2,
    "percengage of green candles": 50.0
  },
  "[True, True, True, False, False]": {
    "average return": 4.0449440033027955,
    "median return": 2.4801003340885646,
    "number": 4,
    "percengage of green candles": 75.0
  },
  "[True, True, False, True, False]": {
    "average return": 7.927444209021477,
    "median return": 5.008868226329413,
    "number": 4,
    "percengage of green candles": 75.0
  },
  "[True, True, False, False, True]": {
    "average return": 0.11851460537253478,
    "median return": -1.4032000975533256,
    "number": 5,
    "percengage of green candles": 40.0
  },
  "[True, False, True, True, False]": {
    "average return": -0.053255346524808865,
    "median return": 0.9135057761728691,
    "number": 6,
    "percengage of green candles": 66.66666666666666
  },
  "[True, False, True, False, True]": {
    "average return": 3.8095388447475775,
    "median return": 3.4102015371001273,
    "number": 4,
    "percengage of green candles": 100.0
  },
  "[True, False, False, True, True]": {
    "average return": 0.783243036752471,
    "median return": 2.976318757048,
    "number": 3,
    "percengage of green candles": 66.66666666666666
  },
  "[False, True, True, True, False]": {
    "average return": -5.122709701768232,
    "median return": -0.3852744198681447,
    "number": 3,
    "percengage of green candles": 33.33333333333333
  },
  "[False, True, True, False, True]": {
    "average return": -0.1948146897684755,
    "median return": 0.029461036335277625,
    "number": 5,
    "percengage of green candles": 60.0
  },
  "[False, True, False, True, True]": {
    "average return": -1.0389832361079483,
    "median return": -1.4535709980400582,
    "number": 6,
    "percengage of green candles": 33.33333333333333
  },
  "[False, False, True, True, True]": {
    "average return": 10.21242725500276,
    "median return": 8.968482700536965,
    "number": 3,
    "percengage of green candles": 100.0
  },
  "[True, True, True, True, False]": {
    "average return": 0.7922481332712781,
    "median return": 2.270711548081969,
    "number": 5,
    "percengage of green candles": 60.0
  },
  "[True, True, True, False, True]": {
    "average return": -1.637314879775388,
    "median return": 0.157546350109524,
    "number": 4,
    "percengage of green candles": 50.0
  },
  "[True, True, False, True, True]": {
    "average return": 1.4907711639968013,
    "median return": 1.668242738106445,
    "number": 5,
    "percengage of green candles": 60.0
  },
  "[True, False, True, True, True]": {
    "average return": 1.8294620502021217,
    "median return": -3.309987228730332,
    "number": 5,
    "percengage of green candles": 40.0
  },
  "[False, True, True, True, True]": {
    "average return": 2.2881525544587378,
    "median return": 3.0420881209094195,
    "number": 5,
    "percengage of green candles": 60.0
  }
}
