{"[True, True, True, True, True]": {"average return": -0.04477670832596702, "median return": -0.07225415000686919, "number": 650, "percengage of green candles": 41.38461538461539}, "[False, False, False, False, False]": {"average return": 0.09098132386906194, "median return": 0.07121541494278018, "number": 613, "percengage of green candles": 62.31647634584013}, "[True, False, False, False, False]": {"average return": 0.0072168883286768725, "median return": 0.03995451332329907, "number": 905, "percengage of green candles": 57.790055248618785}, "[False, True, False, False, False]": {"average return": 0.062301487017223885, "median return": 0.051389808829913466, "number": 1025, "percengage of green candles": 58.92682926829268}, "[False, False, True, False, False]": {"average return": -0.019797078297057194, "median return": 0.027757136748136346, "number": 1024, "percengage of green candles": 55.17578125}, "[False, False, False, True, False]": {"average return": 0.03314264076029012, "median return": 0.03354975286590666, "number": 1015, "percengage of green candles": 55.270935960591125}, "[False, False, False, False, True]": {"average return": -0.009948021558760553, "median return": 0.012080655964326337, "number": 905, "percengage of green candles": 52.3756906077348}, "[True, True, False, False, False]": {"average return": -0.0038678161376461727, "median return": 0.03616292302311093, "number": 1086, "percengage of green candles": 55.432780847145494}, "[True, False, True, False, False]": {"average return": -0.011518919977697585, "median return": 0.02628142109575416, "number": 1224, "percengage of green candles": 53.75816993464052}, "[True, False, False, True, False]": {"average return": 0.01189911807039375, "median return": 0.02401239151920681, "number": 1236, "percengage of green candles": 53.883495145631066}, "[True, False, False, False, True]": {"average return": 0.016852538202740262, "median return": 0.006946053477751499, "number": 1206, "percengage of green candles": 51.65837479270316}, "[False, True, True, False, False]": {"average return": -0.03140754250549328, "median return": 0.015154923906066795, "number": 1230, "percengage of green candles": 52.6829268292683}, "[False, True, False, True, False]": {"average return": 0.002723095235475283, "median return": 0.005146457341287442, "number": 1245, "percengage of green candles": 51.16465863453815}, "[False, True, False, False, True]": {"average return": 0.002712118942107226, "median return": -0.0018233915082095263, "number": 1223, "percengage of green candles": 49.304987735077674}, "[False, False, True, True, False]": {"average return": -0.009955926487687623, "median return": -0.0001486542332298444, "number": 1217, "percengage of green candles": 49.71240755957272}, "[False, False, True, False, True]": {"average return": 0.007292784167091796, "median return": -0.00011976033561897865, "number": 1227, "percengage of green candles": 49.877750611246945}, "[False, False, False, True, True]": {"average return": -0.023325713292619434, "median return": -0.010468686359797749, "number": 1097, "percengage of green candles": 47.493163172288064}, "[True, True, True, False, False]": {"average return": -0.011801337675202915, "median return": 0.006811617895484789, "number": 1037, "percengage of green candles": 51.39826422372228}, "[True, True, False, True, False]": {"average return": -0.021692328844668114, "median return": -0.00615233930397355, "number": 1201, "percengage of green candles": 48.70940882597835}, "[True, True, False, False, True]": {"average return": -0.01102096596101551, "median return": -0.006242976651274551, "number": 1181, "percengage of green candles": 47.84081287044877}, "[True, False, True, True, False]": {"average return": -0.012492147252877839, "median return": -0.005781823560262616, "number": 1211, "percengage of green candles": 48.967795210569776}, "[True, False, True, False, True]": {"average return": 0.005939234086176949, "median return": -0.005477602030926645, "number": 1222, "percengage of green candles": 48.44517184942717}, "[True, False, False, True, True]": {"average return": 0.006931184277208084, "median return": -0.02240335259583334, "number": 1167, "percengage of green candles": 45.072836332476435}, "[False, True, True, True, False]": {"average return": -0.01206853798897713, "median return": 0.0014594989053855552, "number": 1165, "percengage of green candles": 50.72961373390557}, "[False, True, True, False, True]": {"average return": 0.0027183887324379375, "median return": -0.008182479599110858, "number": 1198, "percengage of green candles": 47.996661101836395}, "[False, True, False, True, True]": {"average return": 0.020416673514324402, "median return": -0.015717750404336144, "number": 1204, "percengage of green candles": 46.926910299003325}, "[False, False, True, True, True]": {"average return": -0.016794969245921956, "median return": -0.01204104658992344, "number": 1047, "percengage of green candles": 46.895893027698186}, "[True, True, True, True, False]": {"average return": 0.0077492141276167496, "median return": -0.0022321428571374434, "number": 909, "percengage of green candles": 49.064906490649065}, "[True, True, True, False, True]": {"average return": -0.01748293520569887, "median return": -0.02900381123659817, "number": 1037, "percengage of green candles": 44.26229508196721}, "[True, True, False, True, True]": {"average return": 0.0004516075501168522, "median return": -0.026360870496293414, "number": 1034, "percengage of green candles": 44.680851063829785}, "[True, False, True, True, True]": {"average return": -0.03525689886580816, "median return": -0.053565219955251826, "number": 1027, "percengage of green candles": 40.70107108081792}, "[False, True, True, True, True]": {"average return": -0.05099193539617825, "median return": -0.048511976952349906, "number": 909, "percengage of green candles": 41.914191419141915}}