{"[True, True, True, True, True]": {"average return": -0.0073094555722903395, "median return": -0.018427585010793442, "number": 2181, "percengage of green candles": 42.732691425951394}, "[False, False, False, False, False]": {"average return": 0.02182298805338527, "median return": 0.03569753154299657, "number": 1736, "percengage of green candles": 61.23271889400922}, "[True, False, False, False, False]": {"average return": 0.018741387076004107, "median return": 0.027769824748725355, "number": 2655, "percengage of green candles": 59.962335216572505}, "[False, True, False, False, False]": {"average return": 0.02164824831667725, "median return": 0.027017503849729254, "number": 3015, "percengage of green candles": 58.70646766169154}, "[False, False, True, False, False]": {"average return": 0.022930978185521117, "median return": 0.025426495612056513, "number": 3185, "percengage of green candles": 59.02668759811617}, "[False, False, False, True, False]": {"average return": 0.008001285021106253, "median return": 0.016523684414384832, "number": 3074, "percengage of green candles": 55.562784645413146}, "[False, False, False, False, True]": {"average return": -0.009503947331350116, "median return": 0.003188324871338005, "number": 2655, "percengage of green candles": 51.29943502824859}, "[True, True, False, False, False]": {"average return": 0.008743047823175736, "median return": 0.012752678942079335, "number": 3119, "percengage of green candles": 54.79320294966335}, "[True, False, True, False, False]": {"average return": 0.008355597042016695, "median return": 0.008633986296841504, "number": 3673, "percengage of green candles": 53.4712768853798}, "[True, False, False, True, False]": {"average return": 0.0003666446420472173, "median return": 0.004867638500269755, "number": 3774, "percengage of green candles": 51.80180180180181}, "[True, False, False, False, True]": {"average return": -0.0076950550149013875, "median return": -0.0027530452002638467, "number": 3479, "percengage of green candles": 48.80712848519689}, "[False, True, True, False, False]": {"average return": 0.008794851402076804, "median return": 0.012004232189762798, "number": 3503, "percengage of green candles": 54.26777048244362}, "[False, True, False, True, False]": {"average return": 0.0021607758164545647, "median return": 0.005349676071267601, "number": 3676, "percengage of green candles": 51.5778019586507}, "[False, True, False, False, True]": {"average return": -0.004089156799186152, "median return": 4.542955919797874e-05, "number": 3844, "percengage of green candles": 50.0}, "[False, False, True, True, False]": {"average return": 0.0072438821294806555, "median return": 0.008882022392951015, "number": 3468, "percengage of green candles": 53.02768166089965}, "[False, False, True, False, True]": {"average return": 0.006583321961297891, "median return": 0.005263377202115477, "number": 3663, "percengage of green candles": 51.842751842751845}, "[False, False, False, True, True]": {"average return": -0.0073195534789275395, "median return": -0.0030348105052186722, "number": 3060, "percengage of green candles": 48.95424836601307}, "[True, True, True, False, False]": {"average return": 0.011097243611788534, "median return": 0.003835576402955611, "number": 3132, "percengage of green candles": 51.56449553001276}, "[True, True, False, True, False]": {"average return": -0.003282103418417772, "median return": -0.002100764678334183, "number": 3721, "percengage of green candles": 49.126578876646064}, "[True, True, False, False, True]": {"average return": -0.010761746645842932, "median return": -0.007326081060593365, "number": 3516, "percengage of green candles": 47.32650739476678}, "[True, False, True, True, False]": {"average return": 0.003943650456622837, "median return": 0.003517765302644596, "number": 3824, "percengage of green candles": 50.99372384937239}, "[True, False, True, False, True]": {"average return": -4.102681037654181e-06, "median return": -0.003502926215078761, "number": 3724, "percengage of green candles": 48.65735767991407}, "[True, False, False, True, True]": {"average return": -0.010512270047401141, "median return": -0.006740361283358659, "number": 3585, "percengage of green candles": 46.834030683403064}, "[False, True, True, True, False]": {"average return": 0.011161297456706819, "median return": 0.002329426697116767, "number": 3424, "percengage of green candles": 50.64252336448598}, "[False, True, True, False, True]": {"average return": -0.0008097498601595117, "median return": -0.00447744341873369, "number": 3789, "percengage of green candles": 48.37688044338876}, "[False, True, False, True, True]": {"average return": -0.0007034679435645359, "median return": -0.009833246863187437, "number": 3711, "percengage of green candles": 46.24090541632983}, "[False, False, True, True, True]": {"average return": -0.002193471224597972, "median return": -0.006293396162399298, "number": 3177, "percengage of green candles": 47.49763928234183}, "[True, True, True, True, False]": {"average return": 0.008793642897404969, "median return": 0.0020168159317153628, "number": 2920, "percengage of green candles": 50.61643835616438}, "[True, True, True, False, True]": {"average return": -0.00715793063811357, "median return": -0.01683620021828622, "number": 3212, "percengage of green candles": 45.049813200498136}, "[True, True, False, True, True]": {"average return": -0.015073511908738554, "median return": -0.01581919288033569, "number": 3280, "percengage of green candles": 44.23780487804878}, "[True, False, True, True, True]": {"average return": -0.01264450034444595, "median return": -0.017882097371326178, "number": 3167, "percengage of green candles": 44.55320492579729}, "[False, True, True, True, True]": {"average return": -0.009449704591399285, "median return": -0.017160564244403417, "number": 2920, "percengage of green candles": 42.773972602739725}}