{"[True, True, True, True]": {"average return": 0.006298735855246078, "median return": -0.06159624427384393, "number": 420, "percengage of green candles": 44.047619047619044}, "[False, False, False, False]": {"average return": 0.10625225929928661, "median return": 0.14366865878227614, "number": 272, "percengage of green candles": 64.33823529411765}, "[True, True, False, False]": {"average return": 0.014940994033139867, "median return": 0.05829900507080108, "number": 547, "percengage of green candles": 57.40402193784278}, "[True, False, True, False]": {"average return": -0.025952064424943595, "median return": 0.015760740703459206, "number": 654, "percengage of green candles": 52.90519877675841}, "[True, False, False, True]": {"average return": 0.07375794689373162, "median return": 0.019698558237764043, "number": 623, "percengage of green candles": 51.84590690208668}, "[False, True, True, False]": {"average return": 0.017694184158269257, "median return": 0.02277354750988865, "number": 651, "percengage of green candles": 52.38095238095239}, "[False, True, False, True]": {"average return": -0.007703289163405329, "median return": -0.013471458105737657, "number": 660, "percengage of green candles": 47.72727272727273}, "[False, False, True, True]": {"average return": -0.05835908827648419, "median return": -0.08110300081103901, "number": 541, "percengage of green candles": 41.77449168207024}, "[True, True, True, False]": {"average return": 0.13013571845309568, "median return": 0.04828409806465071, "number": 538, "percengage of green candles": 55.94795539033457}, "[True, True, False, True]": {"average return": 0.04046478790422634, "median return": 0.012851518231635342, "number": 641, "percengage of green candles": 51.794071762870516}, "[True, False, True, True]": {"average return": 0.002069784294942787, "median return": -0.01537862337918625, "number": 647, "percengage of green candles": 48.222565687789796}, "[False, True, True, True]": {"average return": -0.0066998135230078495, "median return": -0.06142590582003924, "number": 538, "percengage of green candles": 43.68029739776952}, "[False, False, False, True]": {"average return": -0.015033271826361706, "median return": -0.025399065184268398, "number": 462, "percengage of green candles": 47.18614718614719}, "[False, False, True, False]": {"average return": 0.048806203701731485, "median return": 0.06394032189791643, "number": 544, "percengage of green candles": 57.720588235294116}, "[False, True, False, False]": {"average return": -0.008858504239439109, "median return": 0.06050684656007643, "number": 538, "percengage of green candles": 57.43494423791822}, "[True, False, False, False]": {"average return": 0.031137481389905585, "median return": 0.10474774433076489, "number": 462, "percengage of green candles": 62.121212121212125}}