{"[True, True, True, True]": {"average return": -0.1943343424750113, "median return": -0.18080210387903642, "number": 71, "percengage of green candles": 36.61971830985916}, "[False, False, False, False]": {"average return": -0.48883701411991864, "median return": -0.07395986111292838, "number": 116, "percengage of green candles": 44.827586206896555}, "[True, True, False, False]": {"average return": 0.2638558895435542, "median return": 0.17059783414923602, "number": 143, "percengage of green candles": 55.94405594405595}, "[True, False, True, False]": {"average return": 0.13825078487171563, "median return": 0.17395345482783797, "number": 148, "percengage of green candles": 57.432432432432435}, "[True, False, False, True]": {"average return": 0.326434745024725, "median return": 0.10520125787702769, "number": 152, "percengage of green candles": 57.23684210526315}, "[False, True, True, False]": {"average return": -0.24992036146929136, "median return": -0.02160811593571137, "number": 161, "percengage of green candles": 48.4472049689441}, "[False, True, False, True]": {"average return": -0.1359796565156311, "median return": -0.06305418719211603, "number": 145, "percengage of green candles": 43.44827586206896}, "[False, False, True, True]": {"average return": -0.030858872262102748, "median return": -0.06021180030256525, "number": 147, "percengage of green candles": 45.57823129251701}, "[True, True, True, False]": {"average return": 0.021416183007585174, "median return": 0.09121252142906396, "number": 134, "percengage of green candles": 55.223880597014926}, "[True, True, False, True]": {"average return": 0.16552669543417012, "median return": 0.11037282402160996, "number": 152, "percengage of green candles": 56.57894736842105}, "[True, False, True, True]": {"average return": -0.1018974871620813, "median return": -0.09380012973678267, "number": 148, "percengage of green candles": 45.27027027027027}, "[False, True, True, True]": {"average return": -0.20001002462109488, "median return": -0.2218794961158737, "number": 134, "percengage of green candles": 33.582089552238806}, "[False, False, False, True]": {"average return": -0.34268808842728005, "median return": -0.051733533549281216, "number": 126, "percengage of green candles": 47.61904761904761}, "[False, False, True, False]": {"average return": -0.18266853834444993, "median return": -0.05461436105143752, "number": 131, "percengage of green candles": 45.038167938931295}, "[False, True, False, False]": {"average return": 0.18842937968923612, "median return": 0.08098996101182397, "number": 135, "percengage of green candles": 53.333333333333336}, "[True, False, False, False]": {"average return": -0.0219742968293212, "median return": 0.12432047781625395, "number": 126, "percengage of green candles": 58.730158730158735}}