{"[True, True, True, True]": {"average return": -0.9373156270851037, "median return": 1.269849939523008, "number": 7, "percengage of green candles": 57.14285714285714}, "[False, False, False, False]": {"average return": 7.631738044711972, "median return": 7.543278834749341, "number": 3, "percengage of green candles": 100.0}, "[True, True, False, False]": {"average return": 2.1334534774016767, "median return": 3.914944233839535, "number": 8, "percengage of green candles": 62.5}, "[True, False, True, False]": {"average return": -3.3694825370702, "median return": -1.0561794326807594, "number": 5, "percengage of green candles": 40.0}, "[True, False, False, True]": {"average return": -1.2059252784126453, "median return": -0.8930772083360718, "number": 10, "percengage of green candles": 50.0}, "[False, True, True, False]": {"average return": 0.025409695709609714, "median return": -0.47824546049290734, "number": 8, "percengage of green candles": 37.5}, "[False, True, False, True]": {"average return": 3.8027597783828266, "median return": 6.556452245884396, "number": 4, "percengage of green candles": 75.0}, "[False, False, True, True]": {"average return": -3.194752036518629, "median return": -2.872889876754054, "number": 9, "percengage of green candles": 22.22222222222222}, "[True, True, True, False]": {"average return": -0.0261113139104433, "median return": 0.7765925237126077, "number": 8, "percengage of green candles": 50.0}, "[True, True, False, True]": {"average return": 0.4263929436537791, "median return": -0.2889695876929973, "number": 7, "percengage of green candles": 42.857142857142854}, "[True, False, True, True]": {"average return": 5.870080178489629, "median return": 5.448335466786253, "number": 6, "percengage of green candles": 83.33333333333334}, "[False, True, True, True]": {"average return": 2.1228633153181526, "median return": -0.43242511149220186, "number": 7, "percengage of green candles": 42.857142857142854}, "[False, False, False, True]": {"average return": 2.0252722263238336, "median return": 2.0759002181813955, "number": 8, "percengage of green candles": 50.0}, "[False, False, True, False]": {"average return": -2.200713667983313, "median return": -3.9608738931682854, "number": 9, "percengage of green candles": 22.22222222222222}, "[False, True, False, False]": {"average return": 0.8260792119371263, "median return": -0.12071509238399103, "number": 10, "percengage of green candles": 50.0}, "[True, False, False, False]": {"average return": 1.3810766893718476, "median return": 2.9495267495345527, "number": 8, "percengage of green candles": 62.5}}