{"[True, True, True, True]": {"average return": -5.839340387053425, "median return": -0.9573466029721823, "number": 3, "percengage of green candles": 33.33333333333333}, "[False, False, False, False]": {"average return": "this pattern wasn't observed", "median return": "this pattern wasn't observed", "number": 0, "percengage of green candles": "this pattern wasn't observed"}, "[True, True, False, False]": {"average return": 2.069980642177608, "median return": 2.767560977860188, "number": 5, "percengage of green candles": 80.0}, "[True, False, True, False]": {"average return": 7.159166287515297, "median return": 7.159166287515297, "number": 2, "percengage of green candles": 100.0}, "[True, False, False, True]": {"average return": 5.566869844683933, "median return": 3.016019239621734, "number": 6, "percengage of green candles": 83.33333333333334}, "[False, True, True, False]": {"average return": -13.571442813386453, "median return": -12.614850825494074, "number": 3, "percengage of green candles": 0.0}, "[False, True, False, True]": {"average return": 2.3810817859920057, "median return": 2.3810817859920057, "number": 2, "percengage of green candles": 50.0}, "[False, False, True, True]": {"average return": 3.4854879746120444, "median return": 9.007241249167867, "number": 5, "percengage of green candles": 60.0}, "[True, True, True, False]": {"average return": 2.9960435730793593, "median return": 0.7355195915613296, "number": 5, "percengage of green candles": 60.0}, "[True, True, False, True]": {"average return": 2.620877964063689, "median return": 3.2198794743409462, "number": 3, "percengage of green candles": 66.66666666666666}, "[True, False, True, True]": {"average return": 4.453985068863175, "median return": 3.5489061943389273, "number": 3, "percengage of green candles": 66.66666666666666}, "[False, True, True, True]": {"average return": 1.008155437487807, "median return": -1.0988435894235347, "number": 5, "percengage of green candles": 40.0}, "[False, False, False, True]": {"average return": -6.738076353690718, "median return": -6.738076353690718, "number": 1, "percengage of green candles": 0.0}, "[False, False, True, False]": {"average return": 0.7651979364187826, "median return": 0.7651979364187826, "number": 2, "percengage of green candles": 50.0}, "[False, True, False, False]": {"average return": 11.336098509152542, "median return": 11.336098509152542, "number": 1, "percengage of green candles": 100.0}, "[True, False, False, False]": {"average return": 1.3312327719959742, "median return": 1.3312327719959742, "number": 1, "percengage of green candles": 100.0}}