{"[True, True, True, True]": {"average return": -0.06446460042296946, "median return": -0.126306593337439, "number": 169, "percengage of green candles": 36.68639053254438}, "[False, False, False, False]": {"average return": -0.06367269389817147, "median return": 0.06309578011120483, "number": 205, "percengage of green candles": 55.1219512195122}, "[True, True, False, False]": {"average return": 0.06812482964036799, "median return": 0.0901679082798392, "number": 282, "percengage of green candles": 56.02836879432624}, "[True, False, True, False]": {"average return": -0.034764982785396095, "median return": 0.0013513504237318511, "number": 310, "percengage of green candles": 50.0}, "[True, False, False, True]": {"average return": -0.006657288643572515, "median return": 0.019706328664222728, "number": 306, "percengage of green candles": 50.98039215686274}, "[False, True, True, False]": {"average return": -0.0032490897763076403, "median return": -0.001360920383291787, "number": 315, "percengage of green candles": 49.84126984126984}, "[False, True, False, True]": {"average return": 0.02228198670262913, "median return": 0.003251707076275102, "number": 310, "percengage of green candles": 50.32258064516129}, "[False, False, True, True]": {"average return": -0.015622692050687842, "median return": -0.09294876048427295, "number": 282, "percengage of green candles": 42.5531914893617}, "[True, True, True, False]": {"average return": -0.0321168420777407, "median return": 0.021477715359818773, "number": 252, "percengage of green candles": 50.79365079365079}, "[True, True, False, True]": {"average return": -0.0449461809886346, "median return": -0.048766104699932804, "number": 285, "percengage of green candles": 45.26315789473684}, "[True, False, True, True]": {"average return": 0.034064185724627154, "median return": -0.03588573697706233, "number": 285, "percengage of green candles": 46.31578947368421}, "[False, True, True, True]": {"average return": -0.03689001220307041, "median return": -0.06855450968431034, "number": 251, "percengage of green candles": 42.23107569721115}, "[False, False, False, True]": {"average return": -0.04608185266650458, "median return": -0.0057449489758635355, "number": 260, "percengage of green candles": 48.46153846153846}, "[False, False, True, False]": {"average return": -0.018754716221734826, "median return": 0.025545689214059766, "number": 284, "percengage of green candles": 54.5774647887324}, "[False, True, False, False]": {"average return": -0.061766559840612724, "median return": 0.029206166484485672, "number": 284, "percengage of green candles": 52.112676056338024}, "[True, False, False, False]": {"average return": -0.004213981870719604, "median return": 0.10935617136774453, "number": 260, "percengage of green candles": 56.53846153846154}}