{
  "[True, True, True, True]": {
    "average return": -2.5240027400294136,
    "median return": -2.484983161133897,
    "number": 9,
    "percengage of green candles": 44.44444444444444
  },
  "[False, False, False, False]": {
    "average return": -0.45851590628767314,
    "median return": -0.6821795039697988,
    "number": 14,
    "percengage of green candles": 35.714285714285715
  },
  "[True, True, False, False]": {
    "average return": -8.985970793257284,
    "median return": -10.369525085678465,
    "number": 6,
    "percengage of green candles": 33.33333333333333
  },
  "[True, False, True, False]": {
    "average return": -1.0005934006914654,
    "median return": -0.5851599156266775,
    "number": 7,
    "percengage of green candles": 28.57142857142857
  },
  "[True, False, False, True]": {
    "average return": 0.7437584331387276,
    "median return": 0.2546922019522543,
    "number": 6,
    "percengage of green candles": 66.66666666666666
  },
  "[False, True, True, False]": {
    "average return": -0.06232703286202403,
    "median return": 0.2232565017756049,
    "number": 6,
    "percengage of green candles": 50.0
  },
  "[False, True, False, True]": {
    "average return": 2.024860470109261,
    "median return": 2.3794411410755787,
    "number": 5,
    "percengage of green candles": 60.0
  },
  "[False, False, True, True]": {
    "average return": 0.14022738343820146,
    "median return": -1.1467585787312777,
    "number": 8,
    "percengage of green candles": 37.5
  },
  "[True, True, True, False]": {
    "average return": 3.6683891603758356,
    "median return": 2.87577411199009,
    "number": 7,
    "percengage of green candles": 71.42857142857143
  },
  "[True, True, False, True]": {
    "average return": -2.2578558391474086,
    "median return": -3.5927527280214124,
    "number": 7,
    "percengage of green candles": 28.57142857142857
  },
  "[True, False, True, True]": {
    "average return": -0.3701293133054836,
    "median return": 2.6420596856509415,
    "number": 5,
    "percengage of green candles": 80.0
  },
  "[False, True, True, True]": {
    "average return": -0.4869890796349457,
    "median return": 2.3716055684388806,
    "number": 7,
    "percengage of green candles": 71.42857142857143
  },
  "[False, False, False, True]": {
    "average return": -1.0066617410213985,
    "median return": -0.32088532012462406,
    "number": 8,
    "percengage of green candles": 50.0
  },
  "[False, False, True, False]": {
    "average return": -0.27590490068558066,
    "median return": -1.4749897613930611,
    "number": 6,
    "percengage of green candles": 50.0
  },
  "[False, True, False, False]": {
    "average return": -0.8616046035632376,
    "median return": -0.7303150009643394,
    "number": 8,
    "percengage of green candles": 50.0
  },
  "[True, False, False, False]": {
    "average return": -1.6754329171065783,
    "median return": -3.0348674549811987,
    "number": 8,
    "percengage of green candles": 37.5
  }
}
