{
  "[True, True, True, True]": {
    "average return": 0.019226857484204555,
    "median return": 0.00020032225172117443,
    "number": 7203,
    "percengage of green candles": 53.13064001110648
  },
  "[False, False, False, False]": {
    "average return": -0.01030629722097939,
    "median return": 0.0,
    "number": 56813,
    "percengage of green candles": 18.617217890271593
  },
  "[True, True, False, False]": {
    "average return": -0.012440546389034201,
    "median return": 0.0,
    "number": 8497,
    "percengage of green candles": 38.142873955513714
  },
  "[True, False, True, False]": {
    "average return": -0.005241115791587494,
    "median return": 0.0,
    "number": 7306,
    "percengage of green candles": 39.63865316178484
  },
  "[True, False, False, True]": {
    "average return": 0.008434095793926604,
    "median return": 0.0,
    "number": 7498,
    "percengage of green candles": 42.27794078420912
  },
  "[False, True, True, False]": {
    "average return": -0.011118572453351787,
    "median return": 0.0,
    "number": 7750,
    "percengage of green candles": 39.34193548387096
  },
  "[False, True, False, True]": {
    "average return": 0.012287285540759803,
    "median return": 0.0,
    "number": 7311,
    "percengage of green candles": 43.400355628505
  },
  "[False, False, True, True]": {
    "average return": 0.01364118515074071,
    "median return": 0.0,
    "number": 8492,
    "percengage of green candles": 44.38294865756006
  },
  "[True, True, True, False]": {
    "average return": -0.007924310187814471,
    "median return": 0.0,
    "number": 6803,
    "percengage of green candles": 44.20108775540203
  },
  "[True, True, False, True]": {
    "average return": 0.015111579768703523,
    "median return": 0.0,
    "number": 6056,
    "percengage of green candles": 47.6882430647292
  },
  "[True, False, True, True]": {
    "average return": 0.019425315932390014,
    "median return": 5.2720398937363894e-5,
    "number": 6061,
    "percengage of green candles": 50.05774624649397
  },
  "[False, True, True, True]": {
    "average return": 0.01960739533585547,
    "median return": 0.0,
    "number": 6803,
    "percengage of green candles": 49.6251653682199
  },
  "[False, False, False, True]": {
    "average return": 0.009100307248337386,
    "median return": 0.0,
    "number": 15113,
    "percengage of green candles": 35.21471580758288
  },
  "[False, False, True, False]": {
    "average return": -0.008956218955588324,
    "median return": 0.0,
    "number": 14119,
    "percengage of green candles": 31.269919966003258
  },
  "[False, True, False, False]": {
    "average return": -0.010272129308640273,
    "median return": 0.0,
    "number": 14114,
    "percengage of green candles": 30.161541731614
  },
  "[True, False, False, False]": {
    "average return": -0.013376779733378554,
    "median return": 0.0,
    "number": 15113,
    "percengage of green candles": 30.020512141864618
  }
}
