{"[True, True, True, True]": {"average return": 2.6587801339200756, "median return": 0.5166224625181538, "number": 14, "percengage of green candles": 50.0}, "[False, False, False, False]": {"average return": -1.0129181297163428, "median return": 0.6520418560156681, "number": 6, "percengage of green candles": 50.0}, "[True, True, False, False]": {"average return": -1.5766176316490281, "median return": -0.9183934267905864, "number": 10, "percengage of green candles": 50.0}, "[True, False, True, False]": {"average return": 2.0971321311078515, "median return": 1.4717012657154547, "number": 7, "percengage of green candles": 57.14285714285714}, "[True, False, False, True]": {"average return": 1.9433639024741558, "median return": 2.5637729844413037, "number": 8, "percengage of green candles": 62.5}, "[False, True, True, False]": {"average return": -0.0010611526195494954, "median return": -0.41956691845180805, "number": 6, "percengage of green candles": 50.0}, "[False, True, False, True]": {"average return": 4.429319451506318, "median return": 5.370895685229634, "number": 5, "percengage of green candles": 80.0}, "[False, False, True, True]": {"average return": 2.7580283159177297, "median return": 0.4005177424475478, "number": 11, "percengage of green candles": 63.63636363636363}, "[True, True, True, False]": {"average return": -1.230079932551728, "median return": -0.020095397464697174, "number": 13, "percengage of green candles": 46.15384615384615}, "[True, True, False, True]": {"average return": 1.4184813185381622, "median return": -0.519329441824716, "number": 9, "percengage of green candles": 44.44444444444444}, "[True, False, True, True]": {"average return": 1.2876205618060692, "median return": 1.7387286138882136, "number": 8, "percengage of green candles": 75.0}, "[False, True, True, True]": {"average return": 1.6802887560045887, "median return": 1.4939424932706193, "number": 13, "percengage of green candles": 53.84615384615385}, "[False, False, False, True]": {"average return": 1.8384056467676861, "median return": 1.4765925925925938, "number": 7, "percengage of green candles": 85.71428571428571}, "[False, False, True, False]": {"average return": -0.00942692913752404, "median return": -0.45454545454545453, "number": 3, "percengage of green candles": 33.33333333333333}, "[False, True, False, False]": {"average return": -2.43372445642074, "median return": 0.5976095617529881, "number": 5, "percengage of green candles": 60.0}, "[True, False, False, False]": {"average return": 0.9591366770441775, "median return": 0.08433439841461755, "number": 7, "percengage of green candles": 57.14285714285714}}