{"[True, True, True, True]": {"average return": 0.3307487464149892, "median return": 0.02565179622271022, "number": 121, "percengage of green candles": 50.413223140495866}, "[False, False, False, False]": {"average return": 0.35425331253872255, "median return": 0.24192135441435833, "number": 57, "percengage of green candles": 61.40350877192983}, "[True, True, False, False]": {"average return": 0.12356292086683067, "median return": 0.27858829112695316, "number": 134, "percengage of green candles": 67.16417910447761}, "[True, False, True, False]": {"average return": 0.10012243787280803, "median return": 0.1292546316242937, "number": 159, "percengage of green candles": 59.74842767295597}, "[True, False, False, True]": {"average return": 0.13035174795917043, "median return": 0.0530149541878335, "number": 166, "percengage of green candles": 53.01204819277109}, "[False, True, True, False]": {"average return": 0.08748242831736108, "median return": 0.10616448983351066, "number": 174, "percengage of green candles": 55.74712643678161}, "[False, True, False, True]": {"average return": 0.1395176304971911, "median return": 0.04947301135245463, "number": 166, "percengage of green candles": 52.40963855421686}, "[False, False, True, True]": {"average return": -0.12716837152601546, "median return": -0.1529865631553891, "number": 128, "percengage of green candles": 37.5}, "[True, True, True, False]": {"average return": -0.0061566276840054925, "median return": 0.07590010650187401, "number": 132, "percengage of green candles": 56.81818181818182}, "[True, True, False, True]": {"average return": 0.11405435944158764, "median return": 0.043140652034505844, "number": 172, "percengage of green candles": 53.48837209302325}, "[True, False, True, True]": {"average return": 0.1508814457537385, "median return": -0.03157820955977789, "number": 179, "percengage of green candles": 47.486033519553075}, "[False, True, True, True]": {"average return": 0.027494228604544764, "median return": -0.05327473925958602, "number": 132, "percengage of green candles": 45.45454545454545}, "[False, False, False, True]": {"average return": -0.1985270872594677, "median return": -0.11175136512516204, "number": 99, "percengage of green candles": 40.4040404040404}, "[False, False, True, False]": {"average return": -0.3047054215778958, "median return": 0.02892875776813882, "number": 137, "percengage of green candles": 51.82481751824818}, "[False, True, False, False]": {"average return": 0.11639177132557053, "median return": 0.10094319508044466, "number": 130, "percengage of green candles": 57.692307692307686}, "[True, False, False, False]": {"average return": 0.2261358704176417, "median return": 0.2845517790225396, "number": 99, "percengage of green candles": 64.64646464646465}}