{"[True, True, True, True]": {"average return": 1.0642632118289388, "median return": 2.272718827499738, "number": 21, "percengage of green candles": 66.66666666666666}, "[False, False, False, False]": {"average return": 6.629001244203141, "median return": 6.629001244203141, "number": 1, "percengage of green candles": 100.0}, "[True, True, False, False]": {"average return": 4.629482616240822, "median return": 4.145402346328433, "number": 6, "percengage of green candles": 100.0}, "[True, False, True, False]": {"average return": 0.01767613259022354, "median return": -0.11836832033318104, "number": 9, "percengage of green candles": 44.44444444444444}, "[True, False, False, True]": {"average return": -0.2807657290409838, "median return": 0.6957921806788522, "number": 10, "percengage of green candles": 60.0}, "[False, True, True, False]": {"average return": -3.627620124504187, "median return": 1.8815859192818214, "number": 7, "percengage of green candles": 57.14285714285714}, "[False, True, False, True]": {"average return": 0.014728193324735375, "median return": -2.275015036260215, "number": 7, "percengage of green candles": 42.857142857142854}, "[False, False, True, True]": {"average return": -0.7389088489460468, "median return": -2.1924246076157283, "number": 8, "percengage of green candles": 37.5}, "[True, True, True, False]": {"average return": 2.615066326032062, "median return": 3.7868546150715714, "number": 9, "percengage of green candles": 66.66666666666666}, "[True, True, False, True]": {"average return": 1.5949719729856984, "median return": 0.31296992497048715, "number": 10, "percengage of green candles": 50.0}, "[True, False, True, True]": {"average return": 4.76199745266389, "median return": 3.31519630036866, "number": 7, "percengage of green candles": 71.42857142857143}, "[False, True, True, True]": {"average return": 3.5163566120292833, "median return": 1.6951112113264495, "number": 8, "percengage of green candles": 75.0}, "[False, False, False, True]": {"average return": 5.472704319414133, "median return": 5.472704319414133, "number": 2, "percengage of green candles": 100.0}, "[False, False, True, False]": {"average return": 2.1182693253111866, "median return": 0.9456699130529972, "number": 4, "percengage of green candles": 75.0}, "[False, True, False, False]": {"average return": 0.8271842437620167, "median return": 1.7926558107747161, "number": 6, "percengage of green candles": 66.66666666666666}, "[True, False, False, False]": {"average return": -0.5504179103540554, "median return": -0.5504179103540554, "number": 2, "percengage of green candles": 50.0}}