{"[True, True, True, True]": {"average return": -0.2972700982776315, "median return": 0.44706809444416357, "number": 7, "percengage of green candles": 57.14285714285714}, "[False, False, False, False]": {"average return": -2.335553653710918, "median return": -0.8736315883200579, "number": 14, "percengage of green candles": 42.857142857142854}, "[True, True, False, False]": {"average return": 0.6916545106585483, "median return": 0.20085428265793007, "number": 13, "percengage of green candles": 53.84615384615385}, "[True, False, True, False]": {"average return": 1.4905812307403146, "median return": 0.7814954193647979, "number": 12, "percengage of green candles": 66.66666666666666}, "[True, False, False, True]": {"average return": 0.7559147729855565, "median return": 0.6859497432150566, "number": 12, "percengage of green candles": 58.333333333333336}, "[False, True, True, False]": {"average return": -0.6042707311051405, "median return": -0.6297787485904152, "number": 17, "percengage of green candles": 47.05882352941176}, "[False, True, False, True]": {"average return": -0.7677146913482488, "median return": -0.0005346553903012641, "number": 13, "percengage of green candles": 46.15384615384615}, "[False, False, True, True]": {"average return": -0.38597219032792124, "median return": -0.7572357512375857, "number": 12, "percengage of green candles": 33.33333333333333}, "[True, True, True, False]": {"average return": -0.45826389799695855, "median return": -0.22301041731639992, "number": 8, "percengage of green candles": 50.0}, "[True, True, False, True]": {"average return": 0.34889182902246335, "median return": 0.3242070473004832, "number": 12, "percengage of green candles": 58.333333333333336}, "[True, False, True, True]": {"average return": -0.9296227151420525, "median return": -0.4549008099259847, "number": 13, "percengage of green candles": 30.76923076923077}, "[False, True, True, True]": {"average return": -0.8751958293714612, "median return": -0.5750039195084815, "number": 8, "percengage of green candles": 37.5}, "[False, False, False, True]": {"average return": -1.3602536916203727, "median return": 0.4435728245905677, "number": 9, "percengage of green candles": 55.55555555555556}, "[False, False, True, False]": {"average return": 0.3784779887391761, "median return": 0.33435291118890015, "number": 9, "percengage of green candles": 55.55555555555556}, "[False, True, False, False]": {"average return": -0.4401143902495188, "median return": 1.1318803799956574, "number": 8, "percengage of green candles": 62.5}, "[True, False, False, False]": {"average return": -1.5930174737765335, "median return": -0.7271245214207114, "number": 10, "percengage of green candles": 30.0}}