{"[True, True, True, True]": {"average return": -0.1318509299603959, "median return": -0.21487768637821375, "number": 106, "percengage of green candles": 40.56603773584906}, "[False, False, False, False]": {"average return": 0.07503497792265265, "median return": 0.2707272926314191, "number": 85, "percengage of green candles": 61.1764705882353}, "[True, True, False, False]": {"average return": -0.010396442714543642, "median return": 0.014242917184977517, "number": 125, "percengage of green candles": 51.2}, "[True, False, True, False]": {"average return": 0.07836167127374477, "median return": 0.14347289507789562, "number": 184, "percengage of green candles": 55.97826086956522}, "[True, False, False, True]": {"average return": -0.08758178919102498, "median return": -0.07451513462532229, "number": 140, "percengage of green candles": 47.14285714285714}, "[False, True, True, False]": {"average return": -0.06924963718637252, "median return": -0.0750523131254571, "number": 145, "percengage of green candles": 48.275862068965516}, "[False, True, False, True]": {"average return": 0.09430618318295679, "median return": 0.05150359302574325, "number": 188, "percengage of green candles": 52.12765957446809}, "[False, False, True, True]": {"average return": -0.12705303920365854, "median return": -0.19801019248937268, "number": 121, "percengage of green candles": 45.45454545454545}, "[True, True, True, False]": {"average return": 0.48554359424421945, "median return": 0.2828526859992486, "number": 134, "percengage of green candles": 62.68656716417911}, "[True, True, False, True]": {"average return": -0.20443809071826535, "median return": -0.2869552182263695, "number": 154, "percengage of green candles": 38.961038961038966}, "[True, False, True, True]": {"average return": 0.08931857525786747, "median return": -0.007277634598807555, "number": 158, "percengage of green candles": 50.0}, "[False, True, True, True]": {"average return": 0.0863769330220827, "median return": -0.07590572857491704, "number": 134, "percengage of green candles": 47.01492537313433}, "[False, False, False, True]": {"average return": -0.2976868495339191, "median return": -0.12322020478883672, "number": 118, "percengage of green candles": 46.61016949152542}, "[False, False, True, False]": {"average return": 0.3363253975451097, "median return": 0.31170862687237977, "number": 137, "percengage of green candles": 62.04379562043796}, "[False, True, False, False]": {"average return": 0.30757943734677895, "median return": 0.24982164428512826, "number": 133, "percengage of green candles": 57.14285714285714}, "[True, False, False, False]": {"average return": -0.08836500173706796, "median return": 0.21157944448870827, "number": 118, "percengage of green candles": 55.932203389830505}}