{
  "[True, True, True, True]": {
    "average return": -0.013070015112015778,
    "median return": -0.015465534906752693,
    "number": 5175,
    "percengage of green candles": 44.67632850241546
  },
  "[False, False, False, False]": {
    "average return": 0.0236501745230671,
    "median return": 0.019236397462451867,
    "number": 5185,
    "percengage of green candles": 55.583413693346195
  },
  "[True, True, False, False]": {
    "average return": 0.001452627107083322,
    "median return": 0.007253159914381857,
    "number": 6897,
    "percengage of green candles": 52.501087429317096
  },
  "[True, False, True, False]": {
    "average return": -0.0090734291914398,
    "median return": -0.0021701523446855746,
    "number": 6623,
    "percengage of green candles": 48.72414313755095
  },
  "[True, False, False, True]": {
    "average return": 0.010647299997687798,
    "median return": 0.002920952293996995,
    "number": 7192,
    "percengage of green candles": 51.37652947719688
  },
  "[False, True, True, False]": {
    "average return": -0.0050724402756415566,
    "median return": -0.0015534722425110136,
    "number": 7138,
    "percengage of green candles": 48.935275987671616
  },
  "[False, True, False, True]": {
    "average return": 0.01721587843744647,
    "median return": 0.0031804640751443153,
    "number": 6551,
    "percengage of green candles": 51.411998168218595
  },
  "[False, False, True, True]": {
    "average return": -0.007062718663561603,
    "median return": -0.005152514427041875,
    "number": 6969,
    "percengage of green candles": 47.481704692208346
  },
  "[True, True, True, False]": {
    "average return": -0.004574632208766835,
    "median return": -0.0005142074669658291,
    "number": 6408,
    "percengage of green candles": 49.250936329588015
  },
  "[True, True, False, True]": {
    "average return": 0.005516923708699879,
    "median return": -0.004341973861327509,
    "number": 6649,
    "percengage of green candles": 48.26289667619191
  },
  "[True, False, True, True]": {
    "average return": -0.006766292426353107,
    "median return": -0.007794935126273644,
    "number": 6577,
    "percengage of green candles": 47.11874714915615
  },
  "[False, True, True, True]": {
    "average return": -0.011970770983311436,
    "median return": -0.015279606278952064,
    "number": 6408,
    "percengage of green candles": 44.67852684144819
  },
  "[False, False, False, True]": {
    "average return": -0.004932432544547167,
    "median return": 0.001657377281963803,
    "number": 6436,
    "percengage of green candles": 50.87010565568676
  },
  "[False, False, True, False]": {
    "average return": -0.015059795565139847,
    "median return": 0.0,
    "number": 6660,
    "percengage of green candles": 49.92492492492492
  },
  "[False, True, False, False]": {
    "average return": -0.0001458608216850418,
    "median return": 0.01009947987677716,
    "number": 6731,
    "percengage of green candles": 53.05303818154806
  },
  "[True, False, False, False]": {
    "average return": 0.004964411544187053,
    "median return": 0.015548044829100402,
    "number": 6436,
    "percengage of green candles": 55.22063393412056
  }
}
