{"[True, True, True, True]": {"average return": -0.022839866815398, "median return": -0.05018503441978649, "number": 1535, "percengage of green candles": 41.237785016286644}, "[False, False, False, False]": {"average return": 0.021675982979561016, "median return": 0.061334475401307174, "number": 1247, "percengage of green candles": 60.38492381716119}, "[True, True, False, False]": {"average return": 0.027411537432182515, "median return": 0.036952753133451734, "number": 2370, "percengage of green candles": 57.67932489451477}, "[True, False, True, False]": {"average return": 0.00043156468125469117, "median return": 0.00467554256727298, "number": 2388, "percengage of green candles": 50.67001675041875}, "[True, False, False, True]": {"average return": 0.012026114805414257, "median return": 0.015064151963748131, "number": 2606, "percengage of green candles": 53.41519570222564}, "[False, True, True, False]": {"average return": -0.0013151876408048432, "median return": 0.0005968316663393799, "number": 2700, "percengage of green candles": 50.11111111111111}, "[False, True, False, True]": {"average return": 0.012341462874212733, "median return": 0.006292234418587932, "number": 2320, "percengage of green candles": 51.37931034482759}, "[False, False, True, True]": {"average return": -0.0218036180950616, "median return": -0.03166230322794499, "number": 2439, "percengage of green candles": 43.255432554325544}, "[True, True, True, False]": {"average return": 0.015196881540273918, "median return": 0.010578727143498893, "number": 2130, "percengage of green candles": 51.97183098591549}, "[True, True, False, True]": {"average return": 0.014806955169232925, "median return": -0.005342219631352273, "number": 2460, "percengage of green candles": 48.78048780487805}, "[True, False, True, True]": {"average return": -0.004790340841430075, "median return": -0.022246937458672393, "number": 2392, "percengage of green candles": 44.98327759197324}, "[False, True, True, True]": {"average return": -0.012944754309237265, "median return": -0.03957924113051563, "number": 2130, "percengage of green candles": 42.347417840375584}, "[False, False, False, True]": {"average return": 0.021746456603201677, "median return": 0.014580210763360853, "number": 1958, "percengage of green candles": 53.472931562819205}, "[False, False, True, False]": {"average return": -0.010407434211089828, "median return": 0.012064540660182782, "number": 2126, "percengage of green candles": 52.2107243650047}, "[False, True, False, False]": {"average return": 4.111112729146713e-06, "median return": 0.03259340920959492, "number": 2194, "percengage of green candles": 56.4721969006381}, "[True, False, False, False]": {"average return": 0.029204760569992765, "median return": 0.0572250413205454, "number": 1958, "percengage of green candles": 61.542390194075594}}