{
  "[True, True, True, True]": {
    "average return": -0.001476900672526064,
    "median return": -0.004754299770583378,
    "number": 29510,
    "percengage of green candles": 47.53303964757709
  },
  "[False, False, False, False]": {
    "average return": 0.006379575070325126,
    "median return": 0.006456743630830994,
    "number": 30816,
    "percengage of green candles": 53.27427310488058
  },
  "[True, True, False, False]": {
    "average return": 0.0013582730549858491,
    "median return": -3.67985212957174e-5,
    "number": 33815,
    "percengage of green candles": 49.83587165459116
  },
  "[True, False, True, False]": {
    "average return": -0.004766703638771767,
    "median return": -0.0031264625132419446,
    "number": 31952,
    "percengage of green candles": 48.16599899849774
  },
  "[True, False, False, True]": {
    "average return": 0.002400406097269159,
    "median return": -0.000192709630620301,
    "number": 33622,
    "percengage of green candles": 49.63416810421747
  },
  "[False, True, True, False]": {
    "average return": -0.003263881027560076,
    "median return": -0.0008203445447087777,
    "number": 33763,
    "percengage of green candles": 49.38542191155999
  },
  "[False, True, False, True]": {
    "average return": 0.005139640817258576,
    "median return": 0.0013927198172172055,
    "number": 31984,
    "percengage of green candles": 50.844172086043024
  },
  "[False, False, True, True]": {
    "average return": -0.0008132779280621699,
    "median return": -0.0009696642165921909,
    "number": 33783,
    "percengage of green candles": 49.24962259124412
  },
  "[True, True, True, False]": {
    "average return": -0.003481396582924964,
    "median return": -0.0026064503274322967,
    "number": 32497,
    "percengage of green candles": 48.53063359694741
  },
  "[True, True, False, True]": {
    "average return": 0.0033721372792896854,
    "median return": 0.0,
    "number": 32445,
    "percengage of green candles": 49.976883957466484
  },
  "[True, False, True, True]": {
    "average return": 0.0002980621676469966,
    "median return": -0.0019580416157315697,
    "number": 32477,
    "percengage of green candles": 48.83148074021616
  },
  "[False, True, True, True]": {
    "average return": -0.0027964753333530783,
    "median return": -0.0041745298975429,
    "number": 32497,
    "percengage of green candles": 47.644397944425634
  },
  "[False, False, False, True]": {
    "average return": 0.0036454277064800755,
    "median return": 0.0017577931081442467,
    "number": 33589,
    "percengage of green candles": 50.89463812557683
  },
  "[False, False, True, False]": {
    "average return": -0.0037101858408661176,
    "median return": -0.00019836484007095177,
    "number": 33428,
    "percengage of green candles": 49.641019504606916
  },
  "[False, True, False, False]": {
    "average return": -0.0009915274846164415,
    "median return": 0.0001142542619406156,
    "number": 33396,
    "percengage of green candles": 50.21559468199784
  },
  "[True, False, False, False]": {
    "average return": 0.0016142256352470537,
    "median return": 0.0018451872061470745,
    "number": 33589,
    "percengage of green candles": 51.123879841614816
  }
}
