{"[True, True, True, True]": {"average return": 0.0015113836017280015, "median return": 0.0001419345681671745, "number": 33711, "percengage of green candles": 50.49390406692178}, "[False, False, False, False]": {"average return": -0.0015330269663355307, "median return": -0.0001488984044925059, "number": 39032, "percengage of green candles": 47.64295962287354}, "[True, True, False, False]": {"average return": -0.0052894917610315124, "median return": -0.0002804175978928939, "number": 33665, "percengage of green candles": 47.01321847616219}, "[True, False, True, False]": {"average return": -0.007449983491023917, "median return": -0.00030769159764149095, "number": 28603, "percengage of green candles": 46.60000699227354}, "[True, False, False, True]": {"average return": 0.005471684352395559, "median return": 0.0001548380703494119, "number": 31115, "percengage of green candles": 50.834002892495576}, "[False, True, True, False]": {"average return": -0.0069267719239593985, "median return": -0.0003268373704062221, "number": 30908, "percengage of green candles": 46.78723954963117}, "[False, True, False, True]": {"average return": 0.007307880761056234, "median return": 0.0002696333525730647, "number": 28655, "percengage of green candles": 51.327865991973475}, "[False, False, True, True]": {"average return": 0.004151383214483283, "median return": 0.00023168691173100606, "number": 33614, "percengage of green candles": 51.002558457785454}, "[True, True, True, False]": {"average return": -0.006456039698963415, "median return": -0.000264952961447853, "number": 32654, "percengage of green candles": 47.27139094751026}, "[True, True, False, True]": {"average return": 0.00604897419956552, "median return": 0.00017677339065891006, "number": 29897, "percengage of green candles": 50.97835903267887}, "[True, False, True, True]": {"average return": 0.006220815330889866, "median return": 0.0005313496280547771, "number": 29949, "percengage of green candles": 51.791378677084374}, "[False, True, True, True]": {"average return": 0.004320843308782839, "median return": 0.0002983654051345189, "number": 32655, "percengage of green candles": 51.11009033838616}, "[False, False, False, True]": {"average return": 0.004381583454371234, "median return": 0.00014841221195368765, "number": 35193, "percengage of green candles": 50.569715568436905}, "[False, False, True, False]": {"average return": -0.006801411434329144, "median return": -0.00030326050531580886, "number": 32694, "percengage of green candles": 46.87710283232398}, "[False, True, False, False]": {"average return": -0.004843604697288223, "median return": -0.00034170407498031327, "number": 32642, "percengage of green candles": 46.83536548005637}, "[True, False, False, False]": {"average return": -0.004060010539897257, "median return": -0.00027600366885726534, "number": 35192, "percengage of green candles": 47.161286656058195}}