{"[True, True, True, True]": {"average return": -3.7939625201871134, "median return": -3.7939625201871134, "number": 2, "percengage of green candles": 50.0}, "[False, False, False, False]": {"average return": -13.034513277191104, "median return": -13.034513277191104, "number": 2, "percengage of green candles": 50.0}, "[True, True, False, False]": {"average return": -5.141522612363663, "median return": -4.170962290219887, "number": 3, "percengage of green candles": 33.33333333333333}, "[True, False, True, False]": {"average return": -14.093146638667362, "median return": -14.093146638667362, "number": 1, "percengage of green candles": 0.0}, "[True, False, False, True]": {"average return": -11.610478581324308, "median return": -7.566354152911662, "number": 5, "percengage of green candles": 20.0}, "[False, True, True, False]": {"average return": 2.005099548159928, "median return": -0.1706765340138185, "number": 3, "percengage of green candles": 33.33333333333333}, "[False, True, False, True]": {"average return": 0.9809071673940917, "median return": 0.9809071673940917, "number": 2, "percengage of green candles": 50.0}, "[False, False, True, True]": {"average return": 1.8176666921645412, "median return": 1.8176666921645412, "number": 2, "percengage of green candles": 50.0}, "[True, True, True, False]": {"average return": 1.141378637426456, "median return": 1.141378637426456, "number": 2, "percengage of green candles": 50.0}, "[True, True, False, True]": {"average return": 7.118257987887418, "median return": 7.118257987887418, "number": 2, "percengage of green candles": 100.0}, "[True, False, True, True]": {"average return": -3.4934267411335225, "median return": -1.1963959020756616, "number": 3, "percengage of green candles": 33.33333333333333}, "[False, True, True, True]": {"average return": -3.5938072612872802, "median return": -3.5938072612872802, "number": 2, "percengage of green candles": 50.0}, "[False, False, False, True]": {"average return": -5.772291624705854, "median return": -6.912849512551475, "number": 4, "percengage of green candles": 25.0}, "[False, False, True, False]": {"average return": 1.320759498045173, "median return": -0.7411530068738993, "number": 6, "percengage of green candles": 33.33333333333333}, "[False, True, False, False]": {"average return": 9.71400026597087, "median return": 3.4332641348149915, "number": 5, "percengage of green candles": 60.0}, "[True, False, False, False]": {"average return": 0.10202949243739523, "median return": 3.7607300937739034, "number": 4, "percengage of green candles": 75.0}}