{"[True, True, True, True]": {"average return": -0.00939678166168044, "median return": -0.01573781037660444, "number": 5141, "percengage of green candles": 43.7852557868119}, "[False, False, False, False]": {"average return": 0.016912075689643754, "median return": 0.02383346044511712, "number": 4795, "percengage of green candles": 58.68613138686132}, "[True, True, False, False]": {"average return": 0.006170697106113072, "median return": 0.006951046034517591, "number": 6775, "percengage of green candles": 52.47232472324723}, "[True, False, True, False]": {"average return": -0.005317517322267857, "median return": -0.0015921363162632943, "number": 6947, "percengage of green candles": 49.244278105657116}, "[True, False, False, True]": {"average return": 0.000967274498075032, "median return": 0.0005900308389580614, "number": 7271, "percengage of green candles": 50.240682162013485}, "[False, True, True, False]": {"average return": -0.0009354894093604821, "median return": -0.000316958806929034, "number": 7222, "percengage of green candles": 49.750761561894215}, "[False, True, False, True]": {"average return": 0.0037710823195128817, "median return": 0.0, "number": 6900, "percengage of green candles": 49.98550724637681}, "[False, False, True, True]": {"average return": -0.006147993426654711, "median return": -0.0069359594417633865, "number": 6822, "percengage of green candles": 46.951040750513044}, "[True, True, True, False]": {"average return": 0.003150299306030746, "median return": 0.0007512621203558314, "number": 6333, "percengage of green candles": 50.32370124743407}, "[True, True, False, True]": {"average return": 0.004137967366646945, "median return": -0.003183614511489967, "number": 6780, "percengage of green candles": 48.43657817109144}, "[True, False, True, True]": {"average return": -0.005003308481293116, "median return": -0.008623328282525388, "number": 6733, "percengage of green candles": 46.48744987375613}, "[False, True, True, True]": {"average return": -0.007030433013869369, "median return": -0.012051073225835174, "number": 6333, "percengage of green candles": 45.6339807358282}, "[False, False, False, True]": {"average return": -0.006784933559150592, "median return": -0.00025673940950496224, "number": 6369, "percengage of green candles": 49.756633694457534}, "[False, False, True, False]": {"average return": -0.00044433570822142836, "median return": 0.002412370636626636, "number": 6819, "percengage of green candles": 51.01921102800997}, "[False, True, False, False]": {"average return": 0.008960906263355618, "median return": 0.01142084643831907, "number": 6866, "percengage of green candles": 54.121759394115934}, "[True, False, False, False]": {"average return": 0.013245443821788456, "median return": 0.015463126536264334, "number": 6370, "percengage of green candles": 55.824175824175825}}