{
  "[True, True, True, True]": {
    "average return": -0.0003631245028441172,
    "median return": 0.0001200111370361363,
    "number": 34177,
    "percengage of green candles": 50.04535213740235
  },
  "[False, False, False, False]": {
    "average return": 0.0032633922784763366,
    "median return": 0.0008373197841866893,
    "number": 33520,
    "percengage of green candles": 51.118735083532215
  },
  "[True, True, False, False]": {
    "average return": -0.0023048428724594676,
    "median return": -0.0005018663181098875,
    "number": 33506,
    "percengage of green candles": 48.743508625320835
  },
  "[True, False, True, False]": {
    "average return": -0.004028067774768897,
    "median return": -0.001135211224958956,
    "number": 30391,
    "percengage of green candles": 47.89904906057714
  },
  "[True, False, False, True]": {
    "average return": 0.0016363820467285612,
    "median return": 0.0005011112401678963,
    "number": 32104,
    "percengage of green candles": 50.607400946922496
  },
  "[False, True, True, False]": {
    "average return": -0.0029505023072277097,
    "median return": -0.0005577224104140686,
    "number": 31873,
    "percengage of green candles": 48.708938600069025
  },
  "[False, True, False, True]": {
    "average return": 0.003743244816527676,
    "median return": 0.0009329004675246481,
    "number": 30465,
    "percengage of green candles": 51.21286722468407
  },
  "[False, False, True, True]": {
    "average return": 0.0014202824877539038,
    "median return": 0.0007256624164463745,
    "number": 33432,
    "percengage of green candles": 50.94520220148361
  },
  "[True, True, True, False]": {
    "average return": -0.002995708784656673,
    "median return": -0.0005708919343596591,
    "number": 33362,
    "percengage of green candles": 48.570229602541815
  },
  "[True, True, False, True]": {
    "average return": 0.0027667976810530808,
    "median return": 0.0008312736220183695,
    "number": 31729,
    "percengage of green candles": 51.060543981846266
  },
  "[True, False, True, True]": {
    "average return": 0.0034997540422251013,
    "median return": 0.0009727638287489071,
    "number": 31803,
    "percengage of green candles": 51.34735716756281
  },
  "[False, True, True, True]": {
    "average return": 0.0014577343825854145,
    "median return": 0.0007511636083278596,
    "number": 33362,
    "percengage of green candles": 51.17498950902224
  },
  "[False, False, False, True]": {
    "average return": 0.0021914974685483986,
    "median return": 0.0005281244679387299,
    "number": 33850,
    "percengage of green candles": 50.771048744460856
  },
  "[False, False, True, False]": {
    "average return": -0.00207215297062927,
    "median return": -0.00028953951635951185,
    "number": 32521,
    "percengage of green candles": 48.91608499123643
  },
  "[False, True, False, False]": {
    "average return": -0.002147121416561386,
    "median return": -0.0005599072793540296,
    "number": 32447,
    "percengage of green candles": 48.608500015409746
  },
  "[True, False, False, False]": {
    "average return": -7.75437978807789e-5,
    "median return": -9.730205487171122e-5,
    "number": 33850,
    "percengage of green candles": 49.37961595273264
  }
}
