{
  "[True, True, True, True]": {
    "average return": 4.969270335047752,
    "median return": 2.0691249051307734,
    "number": 8,
    "percengage of green candles": 75.0
  },
  "[False, False, False, False]": {
    "average return": 6.22689714175481,
    "median return": 6.22689714175481,
    "number": 2,
    "percengage of green candles": 100.0
  },
  "[True, True, False, False]": {
    "average return": -4.118335471161998,
    "median return": -4.118335471161998,
    "number": 1,
    "percengage of green candles": 0.0
  },
  "[True, False, True, False]": {
    "average return": 4.747189574778393,
    "median return": 3.0760795710359257,
    "number": 4,
    "percengage of green candles": 75.0
  },
  "[True, False, False, True]": {
    "average return": "this pattern wasn't observed",
    "median return": "this pattern wasn't observed",
    "number": 0,
    "percengage of green candles": "this pattern wasn't observed"
  },
  "[False, True, True, False]": {
    "average return": 3.8205399675270995,
    "median return": 5.225074165406234,
    "number": 4,
    "percengage of green candles": 75.0
  },
  "[False, True, False, True]": {
    "average return": -1.5037805779602746,
    "median return": -0.8928286561653902,
    "number": 4,
    "percengage of green candles": 50.0
  },
  "[False, False, True, True]": {
    "average return": -5.213239220197834,
    "median return": -5.213239220197834,
    "number": 1,
    "percengage of green candles": 0.0
  },
  "[True, True, True, False]": {
    "average return": 9.907234537544081,
    "median return": 9.907234537544081,
    "number": 2,
    "percengage of green candles": 100.0
  },
  "[True, True, False, True]": {
    "average return": 2.0213234881010567,
    "median return": -0.3307289897411529,
    "number": 5,
    "percengage of green candles": 40.0
  },
  "[True, False, True, True]": {
    "average return": 0.12346990020509763,
    "median return": 1.200305118984476,
    "number": 4,
    "percengage of green candles": 50.0
  },
  "[False, True, True, True]": {
    "average return": 11.173893032932744,
    "median return": 11.173893032932744,
    "number": 2,
    "percengage of green candles": 100.0
  },
  "[False, False, False, True]": {
    "average return": 0.07147537584572672,
    "median return": -0.6270513000227114,
    "number": 3,
    "percengage of green candles": 33.33333333333333
  },
  "[False, False, True, False]": {
    "average return": 6.612382529586792,
    "median return": 6.612382529586792,
    "number": 2,
    "percengage of green candles": 50.0
  },
  "[False, True, False, False]": {
    "average return": -12.867682656758296,
    "median return": -12.867682656758296,
    "number": 2,
    "percengage of green candles": 0.0
  },
  "[True, False, False, False]": {
    "average return": -4.798923111716857,
    "median return": -2.347246812150629,
    "number": 3,
    "percengage of green candles": 33.33333333333333
  }
}
