{"[True, True, True, True]": {"average return": 0.08603773179289353, "median return": -0.09483809781872811, "number": 105, "percengage of green candles": 43.80952380952381}, "[False, False, False, False]": {"average return": 0.03824931245551785, "median return": 0.08943525338087116, "number": 84, "percengage of green candles": 52.38095238095239}, "[True, True, False, False]": {"average return": -0.04958213827001122, "median return": 0.26683396068591003, "number": 141, "percengage of green candles": 67.37588652482269}, "[True, False, True, False]": {"average return": -0.004649825988388405, "median return": 0.064106237634056, "number": 169, "percengage of green candles": 57.396449704142015}, "[True, False, False, True]": {"average return": 0.05190137965297763, "median return": -0.013223516706717113, "number": 184, "percengage of green candles": 48.369565217391305}, "[False, True, True, False]": {"average return": 0.07102732654697846, "median return": -0.05771212226510439, "number": 165, "percengage of green candles": 47.27272727272727}, "[False, True, False, True]": {"average return": -0.029813870320644902, "median return": -0.0806350235427534, "number": 178, "percengage of green candles": 43.258426966292134}, "[False, False, True, True]": {"average return": -0.06497338816327344, "median return": -0.07000038126970906, "number": 132, "percengage of green candles": 44.696969696969695}, "[True, True, True, False]": {"average return": 0.15074743304961696, "median return": 0.10128265497420925, "number": 126, "percengage of green candles": 57.14285714285714}, "[True, True, False, True]": {"average return": 0.14536301225267034, "median return": 0.049313050873395145, "number": 150, "percengage of green candles": 54.666666666666664}, "[True, False, True, True]": {"average return": 0.06875128402668904, "median return": -0.06156763280006607, "number": 159, "percengage of green candles": 42.138364779874216}, "[False, True, True, True]": {"average return": 0.14764975828790614, "median return": -0.03202756646807789, "number": 126, "percengage of green candles": 46.82539682539682}, "[False, False, False, True]": {"average return": -0.10656282860250085, "median return": -0.037141213837694476, "number": 90, "percengage of green candles": 47.77777777777778}, "[False, False, True, False]": {"average return": 0.0806912822949671, "median return": 0.09777514978169287, "number": 142, "percengage of green candles": 57.04225352112676}, "[False, True, False, False]": {"average return": 0.07555155364672864, "median return": 0.12378550312802288, "number": 134, "percengage of green candles": 66.4179104477612}, "[True, False, False, False]": {"average return": -0.05994605137311103, "median return": 0.03897703012747168, "number": 91, "percengage of green candles": 51.64835164835166}}