{"[True, True, True, True]": {"average return": -0.01218272756538413, "median return": -0.05222235460797961, "number": 1550, "percengage of green candles": 43.74193548387097}, "[False, False, False, False]": {"average return": 0.04288105957132082, "median return": 0.0671786058515739, "number": 1651, "percengage of green candles": 57.964869775893405}, "[True, True, False, False]": {"average return": 0.0017984230227179698, "median return": 0.006638795640758796, "number": 2327, "percengage of green candles": 51.267726686721105}, "[True, False, True, False]": {"average return": -0.012298376537835397, "median return": -0.01283483507971235, "number": 2269, "percengage of green candles": 48.25914499779639}, "[True, False, False, True]": {"average return": 0.017988200484845795, "median return": 0.018326473280732156, "number": 2415, "percengage of green candles": 52.422360248447205}, "[False, True, True, False]": {"average return": -0.007922094102140132, "median return": -0.001817517669923093, "number": 2563, "percengage of green candles": 49.86344127975029}, "[False, True, False, True]": {"average return": 0.018644406179042686, "median return": 0.010696695095634971, "number": 2222, "percengage of green candles": 51.035103510351036}, "[False, False, True, True]": {"average return": -0.03199147176054607, "median return": -0.03816975074810545, "number": 2374, "percengage of green candles": 44.187026116259474}, "[True, True, True, False]": {"average return": 0.0003793365624965574, "median return": -0.003703142533690784, "number": 2073, "percengage of green candles": 49.734684032802704}, "[True, True, False, True]": {"average return": 0.03127894751911394, "median return": -0.00984782906016769, "number": 2308, "percengage of green candles": 48.83015597920277}, "[True, False, True, True]": {"average return": -0.004188952183455162, "median return": -0.03789324206664292, "number": 2261, "percengage of green candles": 45.24546660769571}, "[False, True, True, True]": {"average return": -0.01232838191876902, "median return": -0.05952624527462932, "number": 2073, "percengage of green candles": 42.064640617462615}, "[False, False, False, True]": {"average return": -0.0023853872160966303, "median return": 0.00969122466067792, "number": 2165, "percengage of green candles": 51.17782909930716}, "[False, False, True, False]": {"average return": -0.02268934824550041, "median return": 0.008122815641230964, "number": 2206, "percengage of green candles": 51.08794197642792}, "[False, True, False, False]": {"average return": 0.014100027791401003, "median return": 0.04655117119725719, "number": 2253, "percengage of green candles": 54.23879272081669}, "[True, False, False, False]": {"average return": 0.027180467798127352, "median return": 0.04817616725347268, "number": 2165, "percengage of green candles": 55.79676674364896}}