{"[True, True, True]": {"average return": -0.45069353569927434, "median return": -0.43242511149220186, "number": 15, "percengage of green candles": 46.666666666666664}, "[False, False, False]": {"average return": 3.085802513555518, "median return": 4.207604946022455, "number": 11, "percengage of green candles": 72.72727272727273}, "[True, True, False]": {"average return": -0.00035080910041673796, "median return": -0.23906396475049602, "number": 16, "percengage of green candles": 43.75}, "[True, False, True]": {"average return": 1.6541627017370695, "median return": 0.26299348353501806, "number": 11, "percengage of green candles": 54.54545454545454}, "[False, True, True]": {"average return": 0.4311808494846741, "median return": -0.1245701611485116, "number": 15, "percengage of green candles": 46.666666666666664}, "[False, False, True]": {"average return": 0.23016250147023407, "median return": -0.18399484446441108, "number": 18, "percengage of green candles": 50.0}, "[False, True, False]": {"average return": -2.6181311212286293, "median return": -3.040074739586327, "number": 14, "percengage of green candles": 28.57142857142857}, "[True, False, False]": {"average return": 1.4071344410324818, "median return": 2.7257428619877206, "number": 18, "percengage of green candles": 55.55555555555556}}