{
  "[True, True, True]": {
    "average return": 0.019411692483831948,
    "median return": 0.00013869681082870697,
    "number": 14006,
    "percengage of green candles": 51.42795944595173
  },
  "[False, False, False]": {
    "average return": -0.010951310858593456,
    "median return": 0.0,
    "number": 71927,
    "percengage of green candles": 21.012971484977825
  },
  "[True, True, False]": {
    "average return": -0.009625370626068731,
    "median return": 0.0,
    "number": 14553,
    "percengage of green candles": 41.61341304198447
  },
  "[True, False, True]": {
    "average return": 0.013566849081152361,
    "median return": 0.0,
    "number": 13367,
    "percengage of green candles": 45.343008902521134
  },
  "[False, True, True]": {
    "average return": 0.01605014664785994,
    "median return": 0.0,
    "number": 14553,
    "percengage of green candles": 46.74637531780389
  },
  "[False, False, True]": {
    "average return": 0.0088793858611731,
    "median return": 0.0,
    "number": 22611,
    "percengage of green candles": 37.55694131175092
  },
  "[False, True, False]": {
    "average return": -0.0076893557716354475,
    "median return": 0.0,
    "number": 21425,
    "percengage of green candles": 34.12368728121354
  },
  "[True, False, False]": {
    "average return": -0.011086999943822567,
    "median return": 0.0,
    "number": 22611,
    "percengage of green candles": 33.1608509132723
  }
}
