{"[True, True, True]": {"average return": 3.0437972212359425, "median return": 3.4238227722597436, "number": 20, "percengage of green candles": 60.0}, "[False, False, False]": {"average return": -2.2052509279578536, "median return": -1.2134319524837052, "number": 10, "percengage of green candles": 40.0}, "[True, True, False]": {"average return": -0.5714287601098894, "median return": 1.2917801781694633, "number": 16, "percengage of green candles": 62.5}, "[True, False, True]": {"average return": 0.3322848396069558, "median return": 1.0734580132398464, "number": 17, "percengage of green candles": 64.70588235294117}, "[False, True, True]": {"average return": 0.5110409232797326, "median return": 0.45629384532235384, "number": 16, "percengage of green candles": 50.0}, "[False, False, True]": {"average return": -0.1867364231307405, "median return": -0.887823176839943, "number": 12, "percengage of green candles": 41.66666666666667}, "[False, True, False]": {"average return": 2.542107087209365, "median return": 0.3771436567246986, "number": 14, "percengage of green candles": 57.14285714285714}, "[True, False, False]": {"average return": 1.3132224816446063, "median return": 0.4404156955808555, "number": 12, "percengage of green candles": 66.66666666666666}}