{"[True, True, True]": {"average return": -0.017089092016456007, "median return": -0.04431256069971529, "number": 3665, "percengage of green candles": 41.882673942701224}, "[False, False, False]": {"average return": 0.026275467073809157, "median return": 0.05894124067673352, "number": 3205, "percengage of green candles": 61.09204368174726}, "[True, True, False]": {"average return": 0.005966532308615024, "median return": 0.004086350485646399, "number": 4830, "percengage of green candles": 50.931677018633536}, "[True, False, True]": {"average return": 0.013610314557423953, "median return": 0.00016370651590243967, "number": 4780, "percengage of green candles": 50.04184100418409}, "[False, True, True]": {"average return": -0.013379739148531572, "median return": -0.027150196863609255, "number": 4831, "percengage of green candles": 44.11095011384806}, "[False, False, True]": {"average return": 0.016185577879615113, "median return": 0.014888739514939997, "number": 4565, "percengage of green candles": 53.428258488499445}, "[False, True, False]": {"average return": -0.004673378084612466, "median return": 0.0072692178284731795, "number": 4514, "percengage of green candles": 51.395657953035}, "[True, False, False]": {"average return": 0.014236275963102613, "median return": 0.0353281768879014, "number": 4564, "percengage of green candles": 57.09903593339176}}