{
  "[True, True, True]": {
    "average return": -0.001269838847903443,
    "median return": -0.0036165765580720146,
    "number": 30208,
    "percengage of green candles": 46.88162076271186
  },
  "[False, False, False]": {
    "average return": 0.00037856377864426143,
    "median return": 0.0019726919253712106,
    "number": 32773,
    "percengage of green candles": 51.673633783907476
  },
  "[True, True, False]": {
    "average return": -0.00412011739588407,
    "median return": -0.0008381660899076783,
    "number": 32814,
    "percengage of green candles": 48.27512647040898
  },
  "[True, False, True]": {
    "average return": 0.003284796566209894,
    "median return": 0.0,
    "number": 31627,
    "percengage of green candles": 49.80238403895406
  },
  "[False, True, True]": {
    "average return": 0.0013817346487847364,
    "median return": -8.445229098711884e-5,
    "number": 32813,
    "percengage of green candles": 48.89830250205711
  },
  "[False, False, True]": {
    "average return": 0.002631126694721117,
    "median return": 3.42702476278967e-5,
    "number": 33863,
    "percengage of green candles": 50.38832944511709
  },
  "[False, True, False]": {
    "average return": -0.0038729897766325723,
    "median return": -0.0006757250693312174,
    "number": 32676,
    "percengage of green candles": 48.31068674256335
  },
  "[True, False, False]": {
    "average return": -0.0006744697967120209,
    "median return": 0.0,
    "number": 33863,
    "percengage of green candles": 49.98966423530107
  }
}
