{
  "[True, True, True]": {
    "average return": 0.17252899799214866,
    "median return": -0.03710691369269123,
    "number": 253,
    "percengage of green candles": 47.82608695652174
  },
  "[False, False, False]": {
    "average return": 0.2729480127311136,
    "median return": 0.26938981954967933,
    "number": 156,
    "percengage of green candles": 63.46153846153846
  },
  "[True, True, False]": {
    "average return": 0.047089110042261746,
    "median return": 0.09108880533987662,
    "number": 306,
    "percengage of green candles": 56.209150326797385
  },
  "[True, False, True]": {
    "average return": 0.12655998960499054,
    "median return": 0.04765160858499737,
    "number": 338,
    "percengage of green candles": 52.95857988165681
  },
  "[False, True, True]": {
    "average return": 0.034951880242961655,
    "median return": -0.09928726371242912,
    "number": 307,
    "percengage of green candles": 43.32247557003257
  },
  "[False, False, True]": {
    "average return": 0.007487579330320655,
    "median return": -0.021299826224580928,
    "number": 265,
    "percengage of green candles": 48.301886792452834
  },
  "[False, True, False]": {
    "average return": -0.08724721329187586,
    "median return": 0.09281223416555863,
    "number": 296,
    "percengage of green candles": 56.08108108108109
  },
  "[True, False, False]": {
    "average return": 0.12151815674669092,
    "median return": 0.15222884646940163,
    "number": 265,
    "percengage of green candles": 62.64150943396226
  }
}
