{
  "[True, True, True]": {
    "average return": 0.11964429169926401,
    "median return": -0.055416292663693884,
    "number": 231,
    "percengage of green candles": 45.45454545454545
  },
  "[False, False, False]": {
    "average return": -0.012812276735369183,
    "median return": 0.05821658581727285,
    "number": 175,
    "percengage of green candles": 52.0
  },
  "[True, True, False]": {
    "average return": 0.10554531080585287,
    "median return": 0.04137022263309194,
    "number": 291,
    "percengage of green candles": 51.546391752577314
  },
  "[True, False, True]": {
    "average return": 0.05029750890495653,
    "median return": -0.016666471115014667,
    "number": 328,
    "percengage of green candles": 48.47560975609756
  },
  "[False, True, True]": {
    "average return": 0.00809266983742772,
    "median return": -0.06254257706207687,
    "number": 291,
    "percengage of green candles": 43.29896907216495
  },
  "[False, False, True]": {
    "average return": -0.0001489077302087615,
    "median return": -0.024944537433795877,
    "number": 274,
    "percengage of green candles": 48.175182481751825
  },
  "[False, True, False]": {
    "average return": 0.03204933387399046,
    "median return": 0.08148921969994795,
    "number": 312,
    "percengage of green candles": 57.05128205128205
  },
  "[True, False, False]": {
    "average return": 0.011392097063963843,
    "median return": 0.17062199472622602,
    "number": 275,
    "percengage of green candles": 66.9090909090909
  }
}
