{
  "[True, True, True]": {
    "average return": -0.010007039795178706,
    "median return": -0.12832469652698303,
    "number": 240,
    "percengage of green candles": 44.166666666666664
  },
  "[False, False, False]": {
    "average return": -0.019946291042111035,
    "median return": 0.26822688533718864,
    "number": 203,
    "percengage of green candles": 58.128078817733986
  },
  "[True, True, False]": {
    "average return": 0.1972101943967791,
    "median return": 0.17692473607544948,
    "number": 279,
    "percengage of green candles": 55.19713261648745
  },
  "[True, False, True]": {
    "average return": -0.041340274958611915,
    "median return": -0.12119397808363086,
    "number": 343,
    "percengage of green candles": 46.06413994169096
  },
  "[False, True, True]": {
    "average return": -0.004520010225446631,
    "median return": -0.06444767217876389,
    "number": 279,
    "percengage of green candles": 48.028673835125446
  },
  "[False, False, True]": {
    "average return": -0.18367635167343405,
    "median return": -0.09532446364968572,
    "number": 258,
    "percengage of green candles": 46.89922480620155
  },
  "[False, True, False]": {
    "average return": 0.18845833949547985,
    "median return": 0.20459024647932902,
    "number": 321,
    "percengage of green candles": 58.56697819314641
  },
  "[True, False, False]": {
    "average return": 0.15352135592171964,
    "median return": 0.17131423027287704,
    "number": 258,
    "percengage of green candles": 54.263565891472865
  }
}
