{"[True, True, True]": {"average return": -1.5596554967151544, "median return": -1.0280950961978585, "number": 8, "percengage of green candles": 37.5}, "[False, False, False]": {"average return": 1.3312327719959742, "median return": 1.3312327719959742, "number": 1, "percengage of green candles": 100.0}, "[True, True, False]": {"average return": -3.2167638218453205, "median return": -2.409205031012025, "number": 8, "percengage of green candles": 37.5}, "[True, False, True]": {"average return": 2.5249594928350154, "median return": 3.2198794743409462, "number": 5, "percengage of green candles": 60.0}, "[False, True, True]": {"average return": 3.8486743849562184, "median return": 6.2780737217533975, "number": 8, "percengage of green candles": 62.5}, "[False, False, True]": {"average return": 3.809020387773269, "median return": 2.938640158463828, "number": 7, "percengage of green candles": 71.42857142857143}, "[False, True, False]": {"average return": 3.9621821119670395, "median return": 5.706906443817038, "number": 4, "percengage of green candles": 75.0}, "[True, False, False]": {"average return": 3.4671191063507343, "median return": 2.767560977860188, "number": 7, "percengage of green candles": 85.71428571428571}}