{"[True, True, True]": {"average return": 0.31545134955649834, "median return": -0.16472658906356372, "number": 33, "percengage of green candles": 45.45454545454545}, "[False, False, False]": {"average return": 1.3974386691803773, "median return": 0.4490818358056843, "number": 32, "percengage of green candles": 62.5}, "[True, True, False]": {"average return": 1.0470230516380297, "median return": 0.7648529233249857, "number": 48, "percengage of green candles": 56.25}, "[True, False, True]": {"average return": -0.12458130092941722, "median return": -0.02664662810937684, "number": 56, "percengage of green candles": 48.214285714285715}, "[False, True, True]": {"average return": -0.22504160034684717, "median return": -0.6337133375204924, "number": 47, "percengage of green candles": 36.17021276595745}, "[False, False, True]": {"average return": -0.7891810965892015, "median return": -0.5126337835928979, "number": 45, "percengage of green candles": 44.44444444444444}, "[False, True, False]": {"average return": 0.26538966619519905, "median return": 0.4086687959860486, "number": 54, "percengage of green candles": 53.70370370370371}, "[True, False, False]": {"average return": 0.03027566001370991, "median return": 0.4551061663644178, "number": 46, "percengage of green candles": 56.52173913043478}}