{"[True, True, True]": {"average return": -0.011992223056370906, "median return": -0.037753690687883146, "number": 3695, "percengage of green candles": 41.5426251691475}, "[False, False, False]": {"average return": 0.023583811167208923, "median return": 0.048084035578789694, "number": 3364, "percengage of green candles": 59.48275862068966}, "[True, True, False]": {"average return": 0.0004523853713951006, "median return": 0.0005421280650402559, "number": 4672, "percengage of green candles": 50.08561643835616}, "[True, False, True]": {"average return": 0.00848554281112258, "median return": -0.0025116499011413876, "number": 4780, "percengage of green candles": 49.37238493723849}, "[False, True, True]": {"average return": -0.0025759707100663186, "median return": -0.01601937579671963, "number": 4672, "percengage of green candles": 46.23287671232877}, "[False, False, True]": {"average return": -0.0017689309185856083, "median return": 0.005675156793506714, "number": 4511, "percengage of green candles": 51.25249390379073}, "[False, True, False]": {"average return": 0.0016387241715699347, "median return": 0.012235067437383782, "number": 4619, "percengage of green candles": 52.82528685862741}, "[True, False, False]": {"average return": 0.005514712426141821, "median return": 0.024795182650228783, "number": 4511, "percengage of green candles": 55.641764575482156}}