{"[True, True, True]": {"average return": 3.991536821304073, "median return": -0.5731712297994631, "number": 11, "percengage of green candles": 45.45454545454545}, "[False, False, False]": {"average return": 9.825776195492118, "median return": 9.825776195492118, "number": 1, "percengage of green candles": 100.0}, "[True, True, False]": {"average return": 4.6458968702540195, "median return": 5.9171045413192545, "number": 6, "percengage of green candles": 83.33333333333334}, "[True, False, True]": {"average return": 1.0296811681828273, "median return": 6.096772460082618, "number": 7, "percengage of green candles": 57.14285714285714}, "[False, True, True]": {"average return": 10.07304910139621, "median return": 10.467847543015584, "number": 6, "percengage of green candles": 100.0}, "[False, False, True]": {"average return": -0.0001863308905791783, "median return": -2.9985365601507397, "number": 4, "percengage of green candles": 50.0}, "[False, True, False]": {"average return": -3.7264000450468853, "median return": -0.18147667048873173, "number": 4, "percengage of green candles": 50.0}, "[True, False, False]": {"average return": 4.064666704471876, "median return": 5.28322431365641, "number": 3, "percengage of green candles": 66.66666666666666}}