{
  "[True, True, True]": {
    "average return": -0.0010010757997650336,
    "median return": -0.06142590582003924,
    "number": 958,
    "percengage of green candles": 43.84133611691023
  },
  "[False, False, False]": {
    "average return": 0.05897293042444458,
    "median return": 0.11714913436933702,
    "number": 734,
    "percengage of green candles": 62.94277929155313
  },
  "[True, True, False]": {
    "average return": 0.06857185064322857,
    "median return": 0.030112918233541175,
    "number": 1189,
    "percengage of green candles": 53.994953742640874
  },
  "[True, False, True]": {
    "average return": 0.016029022443321727,
    "median return": -0.0020465116279065254,
    "number": 1301,
    "percengage of green candles": 49.730976172175254
  },
  "[False, True, True]": {
    "average return": -0.02563230556331989,
    "median return": -0.03483026308972931,
    "number": 1189,
    "percengage of green candles": 45.24810765349033
  },
  "[False, False, True]": {
    "average return": 0.035950073116143545,
    "median return": -0.0005723495636323639,
    "number": 1085,
    "percengage of green candles": 49.86175115207373
  },
  "[False, True, False]": {
    "average return": 0.007994928781159281,
    "median return": 0.04162544175345982,
    "number": 1198,
    "percengage of green candles": 55.09181969949917
  },
  "[True, False, False]": {
    "average return": 0.0031399524933726198,
    "median return": 0.0604490689315886,
    "number": 1085,
    "percengage of green candles": 57.41935483870968
  }
}
