{"[True, True, True]": {"average return": -0.006080130851530776, "median return": -0.026222432675241585, "number": 11514, "percengage of green candles": 44.77158242140003}, "[False, False, False]": {"average return": 0.010606390226960681, "median return": 0.021487301624034193, "number": 12140, "percengage of green candles": 54.01976935749588}, "[True, True, False]": {"average return": 0.006944305722105441, "median return": 0.0017900641622589785, "number": 13339, "percengage of green candles": 50.36359547192443}, "[True, False, True]": {"average return": 0.0008146889578659813, "median return": -0.006263155170228492, "number": 13666, "percengage of green candles": 48.704814869018}, "[False, True, True]": {"average return": -0.00434301265040994, "median return": -0.01152065359374706, "number": 13339, "percengage of green candles": 47.67223929829822}, "[False, False, True]": {"average return": -0.0038591137338376312, "median return": -0.0011603134956680694, "number": 13436, "percengage of green candles": 49.739505805299196}, "[False, True, False]": {"average return": 0.00016652830436626024, "median return": 0.0020675423944743554, "number": 13762, "percengage of green candles": 50.486847841883446}, "[True, False, False]": {"average return": 0.002855092383981654, "median return": 0.005374267216334794, "number": 13436, "percengage of green candles": 51.19083060434653}}