{
  "[True, True, True]": {
    "average return": 0.0028937617280860297,
    "median return": 0.0001565006457893647,
    "number": 66366,
    "percengage of green candles": 50.797094897989936
  },
  "[False, False, False]": {
    "average return": -0.0027344623071149372,
    "median return": -0.0001564269579996477,
    "number": 74225,
    "percengage of green candles": 47.41394408891883
  },
  "[True, True, False]": {
    "average return": -0.006684940482610628,
    "median return": -0.00030450548335407237,
    "number": 63562,
    "percengage of green candles": 47.03596488467953
  },
  "[True, False, True]": {
    "average return": 0.006665075571329324,
    "median return": 0.00024106987302859934,
    "number": 58552,
    "percengage of green candles": 51.14940565651045
  },
  "[False, True, True]": {
    "average return": 0.005126438237913003,
    "median return": 0.00031560775007079966,
    "number": 63563,
    "percengage of green candles": 51.37422714472256
  },
  "[False, False, True]": {
    "average return": 0.004893112824010242,
    "median return": 0.00015174541368795277,
    "number": 66308,
    "percengage of green candles": 50.693732279664594
  },
  "[False, True, False]": {
    "average return": -0.007104054410945302,
    "median return": -0.0003043718449883968,
    "number": 61297,
    "percengage of green candles": 46.747801686868854
  },
  "[True, False, False]": {
    "average return": -0.005069987854434779,
    "median return": -0.00030619993631709694,
    "number": 66307,
    "percengage of green candles": 46.92566395704827
  }
}
