{
  "[True, True, True]": {
    "average return": -3.6938848907371966,
    "median return": -3.7939625201871134,
    "number": 4,
    "percengage of green candles": 50.0
  },
  "[False, False, False]": {
    "average return": -4.276818097438771,
    "median return": 2.66723364983396,
    "number": 6,
    "percengage of green candles": 66.66666666666666
  },
  "[True, True, False]": {
    "average return": 1.6596111838665393,
    "median return": -0.1706765340138185,
    "number": 5,
    "percengage of green candles": 40.0
  },
  "[True, False, True]": {
    "average return": 4.049582577640755,
    "median return": 7.118257987887418,
    "number": 4,
    "percengage of green candles": 75.0
  },
  "[False, True, True]": {
    "average return": -1.3689893678142973,
    "median return": -1.1963959020756616,
    "number": 5,
    "percengage of green candles": 40.0
  },
  "[False, False, True]": {
    "average return": -9.015728822827217,
    "median return": -7.566354152911662,
    "number": 9,
    "percengage of green candles": 22.22222222222222
  },
  "[False, True, False]": {
    "average return": -0.8812270929137609,
    "median return": -1.4194393880677076,
    "number": 7,
    "percengage of green candles": 28.57142857142857
  },
  "[True, False, False]": {
    "average return": 4.020062139072581,
    "median return": 2.67842423627578,
    "number": 9,
    "percengage of green candles": 55.55555555555556
  }
}
