{
  "[True, True, True]": {
    "average return": 6.210194874624752,
    "median return": 2.2423961573592774,
    "number": 10,
    "percengage of green candles": 80.0
  },
  "[False, False, False]": {
    "average return": -0.38859501032819016,
    "median return": 5.343016816671547,
    "number": 5,
    "percengage of green candles": 60.0
  },
  "[True, True, False]": {
    "average return": 5.849438157532759,
    "median return": 5.225074165406234,
    "number": 6,
    "percengage of green candles": 83.33333333333334
  },
  "[True, False, True]": {
    "average return": 0.45461056985157633,
    "median return": -0.3307289897411529,
    "number": 9,
    "percengage of green candles": 44.44444444444444
  },
  "[False, True, True]": {
    "average return": -1.2181970496552117,
    "median return": -1.532625614511992,
    "number": 6,
    "percengage of green candles": 33.33333333333333
  },
  "[False, False, True]": {
    "average return": 0.07147537584572672,
    "median return": -0.6270513000227114,
    "number": 3,
    "percengage of green candles": 33.33333333333333
  },
  "[False, True, False]": {
    "average return": 5.3689205597145255,
    "median return": 3.0760795710359257,
    "number": 6,
    "percengage of green candles": 66.66666666666666
  },
  "[True, False, False]": {
    "average return": -9.951233594892864,
    "median return": -5.948567281995011,
    "number": 3,
    "percengage of green candles": 0.0
  }
}
