{"[True, True, True]": {"average return": -0.6054971548610074, "median return": -0.4031027384361714, "number": 15, "percengage of green candles": 46.666666666666664}, "[False, False, False]": {"average return": -2.026163578738258, "median return": -0.8146066485814607, "number": 24, "percengage of green candles": 37.5}, "[True, True, False]": {"average return": -0.5575485445105223, "median return": -0.6297787485904152, "number": 25, "percengage of green candles": 48.0}, "[True, False, True]": {"average return": -0.23174356157030684, "median return": 0.05650260706234225, "number": 25, "percengage of green candles": 52.0}, "[False, True, True]": {"average return": -0.6686704632312694, "median return": -0.4549008099259847, "number": 25, "percengage of green candles": 32.0}, "[False, False, True]": {"average return": -0.15101456898841312, "median return": 0.4435728245905677, "number": 21, "percengage of green candles": 57.14285714285714}, "[False, True, False]": {"average return": 1.0139655555969695, "median return": 0.7272320755909136, "number": 21, "percengage of green candles": 61.904761904761905}, "[True, False, False]": {"average return": 0.1885653316715789, "median return": 0.2787259416359736, "number": 22, "percengage of green candles": 54.54545454545454}}