{"[True, True, True]": {"average return": 0.9309078516984443, "median return": 0.6852325970917594, "number": 6, "percengage of green candles": 50.0}, "[False, False, False]": {"average return": 1.1583567114457682, "median return": 2.431733685656729, "number": 7, "percengage of green candles": 71.42857142857143}, "[True, True, False]": {"average return": -0.40275413457851555, "median return": -0.919939269664326, "number": 6, "percengage of green candles": 50.0}, "[True, False, True]": {"average return": -4.708771483378258, "median return": -5.3796900653995205, "number": 6, "percengage of green candles": 16.666666666666664}, "[False, True, True]": {"average return": -0.5390277898371338, "median return": 0.37893313518276056, "number": 6, "percengage of green candles": 50.0}, "[False, False, True]": {"average return": -1.3606502112937997, "median return": 1.4903255371475113, "number": 9, "percengage of green candles": 55.55555555555556}, "[False, True, False]": {"average return": -1.7457377450114855, "median return": -2.9586227850898363, "number": 9, "percengage of green candles": 33.33333333333333}, "[True, False, False]": {"average return": -1.5756400609350187, "median return": -0.8659131068920959, "number": 8, "percengage of green candles": 37.5}}