{"[True, True, True]": {"average return": 0.0005363186949482947, "median return": 0.0004166145898520301, "number": 67539, "percengage of green candles": 50.603355098535665}, "[False, False, False]": {"average return": 0.001584741748794174, "median return": 0.0002511146436349759, "number": 67370, "percengage of green candles": 50.244916134778094}, "[True, True, False]": {"average return": -0.0029736214687205377, "median return": -0.0005642396212946824, "number": 65235, "percengage of green candles": 48.63800107304361}, "[True, False, True]": {"average return": 0.003245098835219612, "median return": 0.0008671130083576599, "number": 62194, "percengage of green candles": 51.13515773225713}, "[False, True, True]": {"average return": 0.002434054754893456, "median return": 0.0008274492497848656, "number": 65235, "percengage of green candles": 51.141258526864405}, "[False, False, True]": {"average return": 0.0019212875419009324, "median return": 0.0005137783543916681, "number": 65954, "percengage of green candles": 50.69139096946357}, "[False, True, False]": {"average return": -0.0030169998490087203, "median return": -0.00061788945319292, "number": 62912, "percengage of green candles": 48.42478382502543}, "[True, False, False]": {"average return": -0.0022276164956535767, "median return": -0.0005375051327116669, "number": 65954, "percengage of green candles": 48.676350183461196}}