{
  "[True, True, True]": {
    "average return": 0.07247898027661123,
    "median return": 0.13362156542240308,
    "number": 109,
    "percengage of green candles": 52.293577981651374
  },
  "[False, False, False]": {
    "average return": 0.8099001462029247,
    "median return": 0.8829098376239507,
    "number": 52,
    "percengage of green candles": 69.23076923076923
  },
  "[True, True, False]": {
    "average return": 0.44447625191177087,
    "median return": 0.5743400733766073,
    "number": 122,
    "percengage of green candles": 63.114754098360656
  },
  "[True, False, True]": {
    "average return": 0.17614080974820878,
    "median return": 0.40948275862068967,
    "number": 133,
    "percengage of green candles": 60.902255639097746
  },
  "[False, True, True]": {
    "average return": -0.1629823880639855,
    "median return": -0.3085575481710734,
    "number": 121,
    "percengage of green candles": 42.97520661157025
  },
  "[False, False, True]": {
    "average return": -0.5094848856565484,
    "median return": -0.22226891649634145,
    "number": 88,
    "percengage of green candles": 45.45454545454545
  },
  "[False, True, False]": {
    "average return": 0.2013570059569,
    "median return": 0.2664697107934706,
    "number": 99,
    "percengage of green candles": 56.56565656565656
  },
  "[True, False, False]": {
    "average return": 0.741140584059865,
    "median return": 0.40461359488695275,
    "number": 88,
    "percengage of green candles": 59.09090909090909
  }
}
