{"[True, True, True]": {"average return": -0.013255830706186578, "median return": -0.036092585228242546, "number": 1914, "percengage of green candles": 43.83490073145245}, "[False, False, False]": {"average return": -0.0068021749195993, "median return": 0.02958407072262852, "number": 1977, "percengage of green candles": 54.98229640870005}, "[True, True, False]": {"average return": -0.003287972498795628, "median return": 0.0, "number": 2311, "percengage of green candles": 49.89182172219818}, "[True, False, True]": {"average return": 0.02769162226197964, "median return": 0.012476561510402925, "number": 2233, "percengage of green candles": 51.858486341244955}, "[False, True, True]": {"average return": -0.010793563346863058, "median return": -0.01843356307540582, "number": 2311, "percengage of green candles": 46.516659454781475}, "[False, False, True]": {"average return": 0.0012259643267307618, "median return": 0.009396771842559565, "number": 2235, "percengage of green candles": 51.588366890380314}, "[False, True, False]": {"average return": -0.018974135373824273, "median return": 0.00031826463931959093, "number": 2157, "percengage of green candles": 50.06954102920723}, "[True, False, False]": {"average return": -0.010775163359522999, "median return": 0.01081326911493553, "number": 2235, "percengage of green candles": 51.36465324384788}}