{"[True, True, True]": {"average return": 0.5734234554670419, "median return": 0.14101897034213953, "number": 51, "percengage of green candles": 50.98039215686274}, "[False, False, False]": {"average return": 1.2992588195437222, "median return": 0.5146696852976294, "number": 14, "percengage of green candles": 64.28571428571429}, "[True, True, False]": {"average return": 0.41934896719274756, "median return": 0.8982990976332952, "number": 49, "percengage of green candles": 63.26530612244898}, "[True, False, True]": {"average return": -0.5481041414033846, "median return": -0.5265058913840364, "number": 73, "percengage of green candles": 43.83561643835616}, "[False, True, True]": {"average return": 1.116913553425269, "median return": 0.11954393761247299, "number": 50, "percengage of green candles": 52.0}, "[False, False, True]": {"average return": -0.7165059038208299, "median return": 0.13711762120948676, "number": 34, "percengage of green candles": 52.94117647058824}, "[False, True, False]": {"average return": 1.2420966235829707, "median return": 1.2635155790295838, "number": 57, "percengage of green candles": 71.9298245614035}, "[True, False, False]": {"average return": 1.1229136308909653, "median return": 0.9681903128489322, "number": 34, "percengage of green candles": 73.52941176470588}}