{"[True, True, True]": {"average return": 0.325438003531477, "median return": -0.4114849414110118, "number": 34, "percengage of green candles": 44.11764705882353}, "[False, False, False]": {"average return": 0.05707818803528201, "median return": 0.5280676026166757, "number": 33, "percengage of green candles": 60.60606060606061}, "[True, True, False]": {"average return": -0.5550703655734093, "median return": -0.4031860934180437, "number": 48, "percengage of green candles": 43.75}, "[True, False, True]": {"average return": -0.07656104185768417, "median return": 0.0852607070517713, "number": 52, "percengage of green candles": 50.0}, "[False, True, True]": {"average return": -0.48664948614449016, "median return": -0.2581811364769028, "number": 48, "percengage of green candles": 39.58333333333333}, "[False, False, True]": {"average return": -1.5037883497894335, "median return": -0.22575782041086168, "number": 47, "percengage of green candles": 44.680851063829785}, "[False, True, False]": {"average return": 0.21836133964043367, "median return": 0.8369151070502361, "number": 52, "percengage of green candles": 61.53846153846154}, "[True, False, False]": {"average return": -0.042842901357496736, "median return": 0.363660020167202, "number": 47, "percengage of green candles": 57.446808510638306}}