{"[True, True, True]": {"average return": -0.0005224842194496798, "median return": 0.0001734666268801037, "number": 4638, "percengage of green candles": 50.40965933592065}, "[False, False, False]": {"average return": 0.0004677339854795017, "median return": 0.0, "number": 6527, "percengage of green candles": 41.61176650834993}, "[True, True, False]": {"average return": 0.010249307597567368, "median return": 0.0, "number": 4493, "percengage of green candles": 49.298909414645}, "[True, False, True]": {"average return": 0.022392414252037807, "median return": 0.0, "number": 4336, "percengage of green candles": 49.58487084870848}, "[False, True, True]": {"average return": 0.02200326585302431, "median return": 0.00026008140548559227, "number": 4493, "percengage of green candles": 51.190741152904515}, "[False, False, True]": {"average return": 0.007223656888418998, "median return": 0.0, "number": 4895, "percengage of green candles": 47.86516853932584}, "[False, True, False]": {"average return": -0.022777185903213547, "median return": 0.0, "number": 4737, "percengage of green candles": 44.775174160861305}, "[True, False, False]": {"average return": -0.018047472999730817, "median return": 0.0, "number": 4894, "percengage of green candles": 44.52390682468329}}